Context,Question,Answer
"Парсы патшасы Дарий І (Ахеменид) б.д. дейінгі 520 жылы 700 мыңдық әскер жинап, Скифияға бет алды. Соғыстың бірнеше себептері болды. Дарийдің өзі 100 жыл бұрын скифтердің Мидияға басып кіруінің кегін қайтармаққа шешім алдым деп түсіндіреді. Шын мәнісінде тек Азияны ғана емес, сонымен бірге Еуропаны жаулап алуды ойластырған парсы патшасы Қара теңіз бойының астықты аудандарын басып алу үшін, скифтерді талқандамақ болды.",Дарий І б.з.д. 520 жылы Скифияға жорыққа шыққанда қанша әскер жинады?,700 мың
"Парсы патшасы Дарий І (Ахеменид) б.д. дейінгі 520 жылы 700 мыңдық әскер жинап, Скифияға бет алды. Соғыстың бірнеше себептері болды. Дарийдің өзі 100 жыл бұрын скифтердің Мидияға басып кіруінің кегін қайтармаққа шешім алдым деп түсіндіреді. Шын мәнісінде тек Азияны ғана емес, сонымен бірге Еуропаны жаулап алуды ойластырған парсы патшасы Қара теңіз бойының астықты аудандарын басып алу үшін, скифтерді талқандамақ болды.",Дарий І Скифияға жорықты қай жылы бастады?,Б.з.д. 520 жылы
"Парсы патшасы Дарий І (Ахеменид) б.д. дейінгі 520 жылы 700 мыңдық әскер жинап, Скифияға бет алды. Соғыстың бірнеше себептері болды. Дарийдің өзі 100 жыл бұрын скифтердің Мидияға басып кіруінің кегін қайтармаққа шешім алдым деп түсіндіреді. Шын мәнісінде тек Азияны ғана емес, сонымен бірге Еуропаны жаулап алуды ойластырған парсы патшасы Қара теңіз бойының астықты аудандарын басып алу үшін, скифтерді талқандамақ болды.",Дарий І неліктен Қара теңіз бойындағы аудандарды алғысы келді?,Астықты аймақтарды иемдену үшін
"Гурхан – Қидандар мемлекеті (1125 – 1213) билеушісінің лауазымы. Тарихи деректерде қидан тіліндегі «гурхан» сөзі «хандардың ханы», «ұлы хан» дегенді білдіреді делінген. Тұнғыс – манчжур тілдерінде «гуру» сөзінің мағынасы «мемлекет», «ұлыс».",«Гурхан» атағы қай мемлекеттің билеушісіне тиесілі болды?,Қидандар мемлекетінің
"Гурхан – Қидандар мемлекеті (1125 – 1213) билеушісінің лауазымы. Тарихи деректерде қидан тіліндегі «гурхан» сөзі «хандардың ханы», «ұлы хан» дегенді білдіреді делінген. Тұнғыс – манчжур тілдерінде «гуру» сөзінің мағынасы «мемлекет», «ұлыс».",Қидандар мемлекеті қай жылдар аралығында өмір сүрді?,1125–1213 жылдары
"Гурхан – Қидандар мемлекеті (1125 – 1213) билеушісінің лауазымы. Тарихи деректерде қидан тіліндегі «гурхан» сөзі «хандардың ханы», «ұлы хан» дегенді білдіреді делінген. Тұнғыс – манчжур тілдерінде «гуру» сөзінің мағынасы «мемлекет», «ұлыс».",Қидан тіліндегі «гурхан» сөзінің мағынасы қандай?,"«Хандардың ханы», «ұлы хан»"
"Гурхан – Қидандар мемлекеті (1125 – 1213) билеушісінің лауазымы. Тарихи деректерде қидан тіліндегі «гурхан» сөзі «хандардың ханы», «ұлы хан» дегенді білдіреді делінген. Тұнғыс – манчжур тілдерінде «гуру» сөзінің мағынасы «мемлекет», «ұлыс».",Тұнғыс-маньчжур тілдеріндегі «гуру» сөзі нені білдіреді?,"Мемлекет, ұлыс"
"1733 жылы академик Г. Ф. Миллердің басшылығымен жасалған бірінші академиялық экспедиция Қазақстанның археологиялық зерттеулерін жалғастырды. Экспедиция құрамында белгілі ғалымдар Л. Делаклоер, И. Фишер және геодезистер А. Красильников, А. Иванов, М. Ушаков жұмыс істеді",1733 жылы Қазақстанға ұйымдастырылған алғашқы академиялық экспедицияны кім басқарды?,Г. Ф. Миллер
"1733 жылы академик Г. Ф. Миллердің басшылығымен жасалған бірінші академиялық экспедиция Қазақстанның археологиялық зерттеулерін жалғастырды. Экспедиция құрамында белгілі ғалымдар Л. Делаклоер, И. Фишер және геодезистер А. Красильников, А. Иванов, М. Ушаков жұмыс істеді",1733 жылғы экспедиция немен айналысты?,Археологиялық зерттеулермен
"Рақымжан Қошқарбаев (1924 —1988 жж.) – Берлиндегі Рейхстагқа жеңіс туын тіккен қазақ азаматы, Халық қаһарманы (1999).Лейтенант Қошқарбаев Берлин операциясы кезінде асқан ерлік көрсетті. 30-сәуірде ол жауынгер Григорий Булатов екеуі Кеңес әскерлері арасынан Рейхстагқа алдымен жетіп, жеңіс туын тікті.",Рақымжан Қошқарбаев қай жылдары өмір сүрді?,1924–1988
"Рақымжан Қошқарбаев (1924 —1988 жж.) – Берлиндегі Рейхстагқа жеңіс туын тіккен қазақ азаматы, Халық қаһарманы (1999).Лейтенант Қошқарбаев Берлин операциясы кезінде асқан ерлік көрсетті. 30-сәуірде ол жауынгер Григорий Булатов екеуі Кеңес әскерлері арасынан Рейхстагқа алдымен жетіп, жеңіс туын тікті.",Қошқарбаев Берлин операциясы кезінде қандай ерлік көрсетті?,Рейхстагқа жеңіс туын тікті
"Рақымжан Қошқарбаев (1924 —1988 жж.) – Берлиндегі Рейхстагқа жеңіс туын тіккен қазақ азаматы, Халық қаһарманы (1999).Лейтенант Қошқарбаев Берлин операциясы кезінде асқан ерлік көрсетті. 30-сәуірде ол жауынгер Григорий Булатов екеуі Кеңес әскерлері арасынан Рейхстагқа алдымен жетіп, жеңіс туын тікті.",Рейхстагқа жеңіс туын Қошқарбаев кіммен бірге тікті?,Григорий Булатовпен
"Рақымжан Қошқарбаев (1924 —1988 жж.) – Берлиндегі Рейхстагқа жеңіс туын тіккен қазақ азаматы, Халық қаһарманы (1999).Лейтенант Қошқарбаев Берлин операциясы кезінде асқан ерлік көрсетті. 30-сәуірде ол жауынгер Григорий Булатов екеуі Кеңес әскерлері арасынан Рейхстагқа алдымен жетіп, жеңіс туын тікті.",Қошқарбаевқа Халық қаһарманы атағы қай жылы берілді?,1999 жылы
"Махамбет Өтемісұлы (1804, Ішкі Бөкей Ордасы, қазіргі Батыс Қазақстан облысының Бөкей ордасы ауданының Нарын құмындағы Жасқұс — 20 қазан 1846, Қараой өңірі, қазіргі Атырау облысының Индер ауданы) — қазақтың әйгілі жырауы, күйші композиторы, отаршылдыққа қарсы Исатай Тайманұлы бастаған көтерілісті (1836–1837) ұйымдастырушылардың бірі, осы көтерілістің жалынды жыршысы. Ол Қазақ хандығының соңғы жырауы деп тануға болады.",Махамбет Өтемісұлы қай жылы дүниеге келген?,1804 жылы
"Махамбет Өтемісұлы (1804, Ішкі Бөкей Ордасы, қазіргі Батыс Қазақстан облысының Бөкей ордасы ауданының Нарын құмындағы Жасқұс — 20 қазан 1846, Қараой өңірі, қазіргі Атырау облысының Индер ауданы) — қазақтың әйгілі жырауы, күйші композиторы, отаршылдыққа қарсы Исатай Тайманұлы бастаған көтерілісті (1836–1837) ұйымдастырушылардың бірі, осы көтерілістің жалынды жыршысы. Ол Қазақ хандығының соңғы жырауы деп тануға болады.",Махамбет Өтемісұлы қай жерде туған?,Ішкі Бөкей Ордасында
"Махамбет Өтемісұлы (1804, Ішкі Бөкей Ордасы, қазіргі Батыс Қазақстан облысының Бөкей ордасы ауданының Нарын құмындағы Жасқұс — 20 қазан 1846, Қараой өңірі, қазіргі Атырау облысының Индер ауданы) — қазақтың әйгілі жырауы, күйші композиторы, отаршылдыққа қарсы Исатай Тайманұлы бастаған көтерілісті (1836–1837) ұйымдастырушылардың бірі, осы көтерілістің жалынды жыршысы. Ол Қазақ хандығының соңғы жырауы деп тануға болады.",Махамбет Өтемісұлы қай көтеріліске қатысқан?,1836–1837 жылдардағы көтеріліске
"Махамбет Өтемісұлы (1804, Ішкі Бөкей Ордасы, қазіргі Батыс Қазақстан облысының Бөкей ордасы ауданының Нарын құмындағы Жасқұс — 20 қазан 1846, Қараой өңірі, қазіргі Атырау облысының Индер ауданы) — қазақтың әйгілі жырауы, күйші композиторы, отаршылдыққа қарсы Исатай Тайманұлы бастаған көтерілісті (1836–1837) ұйымдастырушылардың бірі, осы көтерілістің жалынды жыршысы. Ол Қазақ хандығының соңғы жырауы деп тануға болады.",Махамбеттің қазақ мәдениетіндегі орны қандай?,Қазақ хандығының соңғы жырауы
"Батыс Түрік қағанатында әлеуметтік-экономикалық және саяси қатынастардың ала-құла, үстемдік ету мен бағыну түрлерінің алуан түрлі болуына қарамастан, Батыс Түрік қағанатында таптардың құрылу және ертедегі феодалдық қоғамдық қатынастардың біршама тез қалыптасу үрдісінің жүргені анық. Қарапайым халық “қара бұдұн”, ал әлеум. құрылымның ең төм. сатысының тәуелді тобы “тат” деп аталған ",Батыс Түрік қағанатында қарапайым халықты қалай атаған?,Қара бұдұн
"Батыс Түрік қағанатында әлеуметтік-экономикалық және саяси қатынастардың ала-құла, үстемдік ету мен бағыну түрлерінің алуан түрлі болуына қарамастан, Батыс Түрік қағанатында таптардың құрылу және ертедегі феодалдық қоғамдық қатынастардың біршама тез қалыптасу үрдісінің жүргені анық. Қарапайым халық “қара бұдұн”, ал әлеум. құрылымның ең төм. сатысының тәуелді тобы “тат” деп аталған ",Батыс Түрік қағанатында әлеуметтік құрылымның ең төменгі сатысындағы топты қалай атаған?,Тат
"Кеңес заманының алғашқы темір жолы 1920-1922 жылдары салынған Петропавл-Көкшетау телімі болды. Қазақстанның түкпірдегі аймақтарын дамыту және астықты шығару қажеттілігіне байланысты 1926-1931 жылдары Бурабай-Курорты және Ақмола стансалары арқылы Қарағандыға дейін жалпы ұзындығы 700 шақырымнан асатын жол салынды. 1924 жылы Құлынды-Павлодар теміржол желісі құрылды. Ембідегі мұнай кәсіпшілігінің дамуына 1926 жылдан басталған Гурьев-Доссор тар табанды жолы ықпал етті.
",Қазақстандағы алғашқы кеңестік темір жол қай жылдары салынды?,1920–1922
"Кеңес заманының алғашқы темір жолы 1920-1922 жылдары салынған Петропавл-Көкшетау телімі болды. Қазақстанның түкпірдегі аймақтарын дамыту және астықты шығару қажеттілігіне байланысты 1926-1931 жылдары Бурабай-Курорты және Ақмола стансалары арқылы Қарағандыға дейін жалпы ұзындығы 700 шақырымнан асатын жол салынды. 1924 жылы Құлынды-Павлодар теміржол желісі құрылды. Ембідегі мұнай кәсіпшілігінің дамуына 1926 жылдан басталған Гурьев-Доссор тар табанды жолы ықпал етті.
",Алғашқы кеңестік темір жолдың бағыты қандай болды?,Петропавл–Көкшетау
"Кеңес заманының алғашқы темір жолы 1920-1922 жылдары салынған Петропавл-Көкшетау телімі болды. Қазақстанның түкпірдегі аймақтарын дамыту және астықты шығару қажеттілігіне байланысты 1926-1931 жылдары Бурабай-Курорты және Ақмола стансалары арқылы Қарағандыға дейін жалпы ұзындығы 700 шақырымнан асатын жол салынды. 1924 жылы Құлынды-Павлодар теміржол желісі құрылды. Ембідегі мұнай кәсіпшілігінің дамуына 1926 жылдан басталған Гурьев-Доссор тар табанды жолы ықпал етті.
",Қарағандыға дейінгі жол қай жылдары салынды?,1926–1931
"Кеңес заманының алғашқы темір жолы 1920-1922 жылдары салынған Петропавл-Көкшетау телімі болды. Қазақстанның түкпірдегі аймақтарын дамыту және астықты шығару қажеттілігіне байланысты 1926-1931 жылдары Бурабай-Курорты және Ақмола стансалары арқылы Қарағандыға дейін жалпы ұзындығы 700 шақырымнан асатын жол салынды. 1924 жылы Құлынды-Павлодар теміржол желісі құрылды. Ембідегі мұнай кәсіпшілігінің дамуына 1926 жылдан басталған Гурьев-Доссор тар табанды жолы ықпал етті.
",Құлынды–Павлодар теміржол желісі қашан құрылды?,1924
"Кеңес заманының алғашқы темір жолы 1920-1922 жылдары салынған Петропавл-Көкшетау телімі болды. Қазақстанның түкпірдегі аймақтарын дамыту және астықты шығару қажеттілігіне байланысты 1926-1931 жылдары Бурабай-Курорты және Ақмола стансалары арқылы Қарағандыға дейін жалпы ұзындығы 700 шақырымнан асатын жол салынды. 1924 жылы Құлынды-Павлодар теміржол желісі құрылды. Ембідегі мұнай кәсіпшілігінің дамуына 1926 жылдан басталған Гурьев-Доссор тар табанды жолы ықпал етті.
",Ембі мұнай кәсіпшілігін дамытуға қай жол ықпал етті?,Гурьев–Доссор жолы
"Қобыз екі шекті 40-қа тарта аттың ұзын қылы керілген ысқышы бар аспап. Қылқобыз аталуы да осыдан болар. Қобыз үнінің төмендеп қайта жоғарылап дыбыс шығаруы — шектеріне саусақтың ұшын ғана тигізіп, сәл ғана басып шертіп, керілген қылды ысқышпен үйкеп ысқылап тарту арқылы ысқышты аспапқа «іліп қойғандай» етіп көлденең ұстап ысқылап сүйкеп-сүйке, көсеп-көсеп жібергенде флажолетті обертонды қою-қошқыл сазды мұңлы болып шығады.
",Қобыздың неше шегі бар?,Екі
"Қобыз екі шекті 40-қа тарта аттың ұзын қылы керілген ысқышы бар аспап. Қылқобыз аталуы да осыдан болар. Қобыз үнінің төмендеп қайта жоғарылап дыбыс шығаруы — шектеріне саусақтың ұшын ғана тигізіп, сәл ғана басып шертіп, керілген қылды ысқышпен үйкеп ысқылап тарту арқылы ысқышты аспапқа «іліп қойғандай» етіп көлденең ұстап ысқылап сүйкеп-сүйке, көсеп-көсеп жібергенде флажолетті обертонды қою-қошқыл сазды мұңлы болып шығады.
",Қобыздың ысқышы неден жасалған?,Ат қылынан
"Қобыз екі шекті 40-қа тарта аттың ұзын қылы керілген ысқышы бар аспап. Қылқобыз аталуы да осыдан болар. Қобыз үнінің төмендеп қайта жоғарылап дыбыс шығаруы — шектеріне саусақтың ұшын ғана тигізіп, сәл ғана басып шертіп, керілген қылды ысқышпен үйкеп ысқылап тарту арқылы ысқышты аспапқа «іліп қойғандай» етіп көлденең ұстап ысқылап сүйкеп-сүйке, көсеп-көсеп жібергенде флажолетті обертонды қою-қошқыл сазды мұңлы болып шығады.
",Қобыз үнінің мұңды шығуы қалай орындалады?,"Шектерін басып, қылды ысқышпен үйкеп тарту арқылы"
"Ықылас Дүкенұлы (1843 жыл, Қарағанды облысы, Жаңаарқа ауданы – 1916 жыл, Жамбыл облысы, Сарысу ауданы, Шу өзеннің бойы, бұрынғы «Сарысу» кеңшарының батысына қарай 30 км Қуарал деген жерде) – қазақтың атақты күйші қобызшысы, композитор, қылқобызда ойнаудың асқан дүлдүл шебері.",Ықылас Дүкенұлы қай жылы туған?,1843
"Ықылас Дүкенұлы (1843 жыл, Қарағанды облысы, Жаңаарқа ауданы – 1916 жыл, Жамбыл облысы, Сарысу ауданы, Шу өзеннің бойы, бұрынғы «Сарысу» кеңшарының батысына қарай 30 км Қуарал деген жерде) – қазақтың атақты күйші қобызшысы, композитор, қылқобызда ойнаудың асқан дүлдүл шебері.",Ықылас Дүкенұлы қай облыста дүниеге келген?,Қарағанды облысында
"Ықылас Дүкенұлы (1843 жыл, Қарағанды облысы, Жаңаарқа ауданы – 1916 жыл, Жамбыл облысы, Сарысу ауданы, Шу өзеннің бойы, бұрынғы «Сарысу» кеңшарының батысына қарай 30 км Қуарал деген жерде) – қазақтың атақты күйші қобызшысы, композитор, қылқобызда ойнаудың асқан дүлдүл шебері.",Ықылас Дүкенұлы қандай аспаптың шебері болды?,Қылқобыз
"Даңғыра — қазақтың көне ұрмалы-сылдырмақты, қатты дыбысты музыкалық аспап. Бұл бір жағы терімен қапталған, ішкі жағынан темір алқалар, сақиналар мен сылдырмалар ілінген дөңгелек шығыршық. Даңғыра шамандық әдет-ғұрыптардың бөлінбес белгілемесі болып табылды.[1]
",Даңғыра қандай қазақ аспабы?,Ұрмалы-сылдырмақты
"Даңғыра — қазақтың көне ұрмалы-сылдырмақты, қатты дыбысты музыкалық аспап. Бұл бір жағы терімен қапталған, ішкі жағынан темір алқалар, сақиналар мен сылдырмалар ілінген дөңгелек шығыршық. Даңғыра шамандық әдет-ғұрыптардың бөлінбес белгілемесі болып табылды.[1]
",Даңғыраның құрылымдық ерекшелігі қандай?,"Терісі қапталған, ішінде сылдырмалар бар"
"Даңғыра — қазақтың көне ұрмалы-сылдырмақты, қатты дыбысты музыкалық аспап. Бұл бір жағы терімен қапталған, ішкі жағынан темір алқалар, сақиналар мен сылдырмалар ілінген дөңгелек шығыршық. Даңғыра шамандық әдет-ғұрыптардың бөлінбес белгілемесі болып табылды.[1]
",Даңғыра қандай дәстүрде қолданылған?,Шамандық әдет-ғұрыптарда
"Домбыра — қазақ халқының ең кең тараған екі ішекті, көп пернелі музыкалық аспабы. Ол — қазақтар өмірінде маңызды орын алатын -өзіндік музыкалық сипаты бар аспап. Алғаш эпикалық дәстүр шеңберінде жыр, толғау, термелерді сүйемелдеуге қолданылған домбыра кейін аспаптық шығарма — күй жанрының қалыптасуына ықпал еткен. Қазіргі кезде домбыра жеке әнді сүйемелдеуге, күй тартуға, халықтық-фольклорлық музыкада, классикалық шығармаларды орындауға қолданылатын, мүмкіндігі кең музыкалық аспап болып табылады. ",Домбыраның неше шегі бар?,Екі
"Домбыра — қазақ халқының ең кең тараған екі ішекті, көп пернелі музыкалық аспабы. Ол — қазақтар өмірінде маңызды орын алатын -өзіндік музыкалық сипаты бар аспап. Алғаш эпикалық дәстүр шеңберінде жыр, толғау, термелерді сүйемелдеуге қолданылған домбыра кейін аспаптық шығарма — күй жанрының қалыптасуына ықпал еткен. Қазіргі кезде домбыра жеке әнді сүйемелдеуге, күй тартуға, халықтық-фольклорлық музыкада, классикалық шығармаларды орындауға қолданылатын, мүмкіндігі кең музыкалық аспап болып табылады. ",Домбыра алғашқыда қандай мақсатта қолданылды?,"Жыр, толғау, термелерді сүйемелдеуге"
"Домбыра — қазақ халқының ең кең тараған екі ішекті, көп пернелі музыкалық аспабы. Ол — қазақтар өмірінде маңызды орын алатын -өзіндік музыкалық сипаты бар аспап. Алғаш эпикалық дәстүр шеңберінде жыр, толғау, термелерді сүйемелдеуге қолданылған домбыра кейін аспаптық шығарма — күй жанрының қалыптасуына ықпал еткен. Қазіргі кезде домбыра жеке әнді сүйемелдеуге, күй тартуға, халықтық-фольклорлық музыкада, классикалық шығармаларды орындауға қолданылатын, мүмкіндігі кең музыкалық аспап болып табылады. ",Домбыра қазақ музыкасының қай жанрының дамуына ықпал етті?,Күй жанрына
"Домбыра — қазақ халқының ең кең тараған екі ішекті, көп пернелі музыкалық аспабы. Ол — қазақтар өмірінде маңызды орын алатын -өзіндік музыкалық сипаты бар аспап. Алғаш эпикалық дәстүр шеңберінде жыр, толғау, термелерді сүйемелдеуге қолданылған домбыра кейін аспаптық шығарма — күй жанрының қалыптасуына ықпал еткен. Қазіргі кезде домбыра жеке әнді сүйемелдеуге, күй тартуға, халықтық-фольклорлық музыкада, классикалық шығармаларды орындауға қолданылатын, мүмкіндігі кең музыкалық аспап болып табылады. ",Қазіргі кезде домбыра қайда қолданылады?,"Халықтық, классикалық музыкада"
"Сыңсу — қыздың елінен ұзатыларда елімен, қыздық ғұмырымен, туыстарымен қоштасу, мұң-шерін ақтару әні.

Бесік жыры — бесіктегі жас баланы алдарқату, уату әні. Бесік жыры арқылы бала сәби кезінен елінің әуеніне, тіліне үйренеді. Оның тәрбиелік мәні үлкен.

Жоқтау — елген адамның туыстарының фәниден кеткен адамға арнап айтатын мұңды жылау өлеңі. Оны көбіне әйелдер, қыздар айтқан. Осы аталған ғұрыптық ән түрлерінің өзіндік сөзі, әуендері болады.",Сыңсу қандай жағдайда айтылады?,Қыз ұзатыларда
"Сыңсу — қыздың елінен ұзатыларда елімен, қыздық ғұмырымен, туыстарымен қоштасу, мұң-шерін ақтару әні.

Бесік жыры — бесіктегі жас баланы алдарқату, уату әні. Бесік жыры арқылы бала сәби кезінен елінің әуеніне, тіліне үйренеді. Оның тәрбиелік мәні үлкен.

Жоқтау — елген адамның туыстарының фәниден кеткен адамға арнап айтатын мұңды жылау өлеңі. Оны көбіне әйелдер, қыздар айтқан. Осы аталған ғұрыптық ән түрлерінің өзіндік сөзі, әуендері болады.",Бесік жыры кімге арналған?,Бесіктегі балаға
"Сыңсу — қыздың елінен ұзатыларда елімен, қыздық ғұмырымен, туыстарымен қоштасу, мұң-шерін ақтару әні.

Бесік жыры — бесіктегі жас баланы алдарқату, уату әні. Бесік жыры арқылы бала сәби кезінен елінің әуеніне, тіліне үйренеді. Оның тәрбиелік мәні үлкен.

Жоқтау — елген адамның туыстарының фәниден кеткен адамға арнап айтатын мұңды жылау өлеңі. Оны көбіне әйелдер, қыздар айтқан. Осы аталған ғұрыптық ән түрлерінің өзіндік сөзі, әуендері болады.",Бесік жырының тәрбиелік маңызы қандай?,"Бала елінің әуеніне, тіліне баулиды"
"Сыңсу — қыздың елінен ұзатыларда елімен, қыздық ғұмырымен, туыстарымен қоштасу, мұң-шерін ақтару әні.

Бесік жыры — бесіктегі жас баланы алдарқату, уату әні. Бесік жыры арқылы бала сәби кезінен елінің әуеніне, тіліне үйренеді. Оның тәрбиелік мәні үлкен.

Жоқтау — елген адамның туыстарының фәниден кеткен адамға арнап айтатын мұңды жылау өлеңі. Оны көбіне әйелдер, қыздар айтқан. Осы аталған ғұрыптық ән түрлерінің өзіндік сөзі, әуендері болады.",Жоқтау қашан айтылады?,Адам қайтыс болғанда
"Сыңсу — қыздың елінен ұзатыларда елімен, қыздық ғұмырымен, туыстарымен қоштасу, мұң-шерін ақтару әні.

Бесік жыры — бесіктегі жас баланы алдарқату, уату әні. Бесік жыры арқылы бала сәби кезінен елінің әуеніне, тіліне үйренеді. Оның тәрбиелік мәні үлкен.

Жоқтау — елген адамның туыстарының фәниден кеткен адамға арнап айтатын мұңды жылау өлеңі. Оны көбіне әйелдер, қыздар айтқан. Осы аталған ғұрыптық ән түрлерінің өзіндік сөзі, әуендері болады.",Жоқтауды кімдер айтқан?,Әйелдер мен қыздар
"Киіз үй— Орталық және Орта Азия халықтарының негізгі баспанасы. Орталық және Орта Азия халықтарының көшпелі тұрғын үйі.

Ол — көшпенділердің тез жығып, шапшаң тігуге, яғни көшіп-қонуға ыңғайлы үйі.",Киіз үй қай халықтардың негізгі баспанасы болды?,Орталық және Орта Азия халықтарының
"Киіз үй— Орталық және Орта Азия халықтарының негізгі баспанасы. Орталық және Орта Азия халықтарының көшпелі тұрғын үйі.

Ол — көшпенділердің тез жығып, шапшаң тігуге, яғни көшіп-қонуға ыңғайлы үйі.",Киіз үй қандай тұрғын үй түріне жатады?,Көшпелі тұрғын үйге
"Киіз үй— Орталық және Орта Азия халықтарының негізгі баспанасы. Орталық және Орта Азия халықтарының көшпелі тұрғын үйі.

Ол — көшпенділердің тез жығып, шапшаң тігуге, яғни көшіп-қонуға ыңғайлы үйі.",Киіз үйдің басты ерекшелігі неде?,"Жылдам құрастырылып, тез жиналады"
"Шаңырақ-үй күмбезінің төбесі әрі терезесі. Керегенің сыртынан әр алуан бояулы жүн оралып, өрнек түсіріліп тоқылған шымши немесе жалаңаш шиден тоқылған ши ұсталады.Кереге мен уықтар уықбау, кермебау, басқұр, құр және басқа да бау-шулармен бекітіледі.Үйдің ағаштан жасалғандарын «сүйегі» деп атайды.Үй ағашының сыртынан арнаулы үй киіздері-қабырғасына туырлық, үстіне үзік, төбесіне түндік жабылады.
",Шаңырақ деген не?,Үй күмбезінің төбесі әрі терезесі
"Шаңырақ-үй күмбезінің төбесі әрі терезесі. Керегенің сыртынан әр алуан бояулы жүн оралып, өрнек түсіріліп тоқылған шымши немесе жалаңаш шиден тоқылған ши ұсталады.Кереге мен уықтар уықбау, кермебау, басқұр, құр және басқа да бау-шулармен бекітіледі.Үйдің ағаштан жасалғандарын «сүйегі» деп атайды.Үй ағашының сыртынан арнаулы үй киіздері-қабырғасына туырлық, үстіне үзік, төбесіне түндік жабылады.
",Керегенің сыртына не ұсталады?,Түрлі түсті жүннен тоқылған шымши немесе жалаңаш ши
"Шаңырақ-үй күмбезінің төбесі әрі терезесі. Керегенің сыртынан әр алуан бояулы жүн оралып, өрнек түсіріліп тоқылған шымши немесе жалаңаш шиден тоқылған ши ұсталады.Кереге мен уықтар уықбау, кермебау, басқұр, құр және басқа да бау-шулармен бекітіледі.Үйдің ағаштан жасалғандарын «сүйегі» деп атайды.Үй ағашының сыртынан арнаулы үй киіздері-қабырғасына туырлық, үстіне үзік, төбесіне түндік жабылады.
",Киіз үй сүйегі деп нені атайды?,Үйдің ағаштан жасалған бөліктерін
"Шаңырақ-үй күмбезінің төбесі әрі терезесі. Керегенің сыртынан әр алуан бояулы жүн оралып, өрнек түсіріліп тоқылған шымши немесе жалаңаш шиден тоқылған ши ұсталады.Кереге мен уықтар уықбау, кермебау, басқұр, құр және басқа да бау-шулармен бекітіледі.Үйдің ағаштан жасалғандарын «сүйегі» деп атайды.Үй ағашының сыртынан арнаулы үй киіздері-қабырғасына туырлық, үстіне үзік, төбесіне түндік жабылады.
",Киіз үйдің сыртына не жабылады?,"Қабырғасына туырлық, үстіне үзік, төбесіне түндік жабылады"
"Шаңырақ-үй күмбезінің төбесі әрі терезесі. Керегенің сыртынан әр алуан бояулы жүн оралып, өрнек түсіріліп тоқылған шымши немесе жалаңаш шиден тоқылған ши ұсталады.Кереге мен уықтар уықбау, кермебау, басқұр, құр және басқа да бау-шулармен бекітіледі.Үйдің ағаштан жасалғандарын «сүйегі» деп атайды.Үй ағашының сыртынан арнаулы үй киіздері-қабырғасына туырлық, үстіне үзік, төбесіне түндік жабылады.
",Кереге мен уық қалай бекітіледі?,"Уықбау, кермебау, басқұр, құр және басқа баулармен"
"Киіз үй-көктем, жаз және күз мезгілдерінде қоныстан қонысқа көшіп жүру жағдайына қолайлы құрама үй.Оның қабырғасы торлап көктелген керегеден тұрғызылады.Кереге әдетте екі түрлі болады.

Оның бірі кең көзді кереге «желкөз» -деп аталады.Бұл артуға жеңіл, бірақ сәнсіз, сүйегі жеңіл болғандықтан желге төзімсіздеу болып келеді.",Киіз үй қай мезгілдерде көбірек қолданылды?,"Көктем, жаз және күзде"
"Киіз үй-көктем, жаз және күз мезгілдерінде қоныстан қонысқа көшіп жүру жағдайына қолайлы құрама үй.Оның қабырғасы торлап көктелген керегеден тұрғызылады.Кереге әдетте екі түрлі болады.

Оның бірі кең көзді кереге «желкөз» -деп аталады.Бұл артуға жеңіл, бірақ сәнсіз, сүйегі жеңіл болғандықтан желге төзімсіздеу болып келеді.",Киіз үй қабырғасы неден тұрады?,Торлап көктелген керегеден
"Киіз үй-көктем, жаз және күз мезгілдерінде қоныстан қонысқа көшіп жүру жағдайына қолайлы құрама үй.Оның қабырғасы торлап көктелген керегеден тұрғызылады.Кереге әдетте екі түрлі болады.

Оның бірі кең көзді кереге «желкөз» -деп аталады.Бұл артуға жеңіл, бірақ сәнсіз, сүйегі жеңіл болғандықтан желге төзімсіздеу болып келеді.",Керегенің қандай түрлері бар?,Кең көзді кереге «желкөз» және басқа түрлері
"Киіз үй-көктем, жаз және күз мезгілдерінде қоныстан қонысқа көшіп жүру жағдайына қолайлы құрама үй.Оның қабырғасы торлап көктелген керегеден тұрғызылады.Кереге әдетте екі түрлі болады.

Оның бірі кең көзді кереге «желкөз» -деп аталады.Бұл артуға жеңіл, бірақ сәнсіз, сүйегі жеңіл болғандықтан желге төзімсіздеу болып келеді.",«Желкөз» деген не?,Кең көзді кереге
"Киіз үй-көктем, жаз және күз мезгілдерінде қоныстан қонысқа көшіп жүру жағдайына қолайлы құрама үй.Оның қабырғасы торлап көктелген керегеден тұрғызылады.Кереге әдетте екі түрлі болады.

Оның бірі кең көзді кереге «желкөз» -деп аталады.Бұл артуға жеңіл, бірақ сәнсіз, сүйегі жеңіл болғандықтан желге төзімсіздеу болып келеді.",«Желкөздің» артықшылығы неде?,Артуға жеңіл
"Киіз үй-көктем, жаз және күз мезгілдерінде қоныстан қонысқа көшіп жүру жағдайына қолайлы құрама үй.Оның қабырғасы торлап көктелген керегеден тұрғызылады.Кереге әдетте екі түрлі болады.

Оның бірі кең көзді кереге «желкөз» -деп аталады.Бұл артуға жеңіл, бірақ сәнсіз, сүйегі жеңіл болғандықтан желге төзімсіздеу болып келеді.",«Желкөздің» кемшілігі қандай?,Сәнсіз және желге төзімсіздеу
"Киіз үйлер қазақы және қалмқы деп екіге бөлінеді. Қазақы үйлер дөңгелек, толық күмбезді болды. Ал, қалмақы үйлер төбесі шошақтау келеді. [4]

Орда – салтанатты, жоғарымәртебелі адамдар басын қосатын елдік мәселе шешетін немесе аса құрметті хан, би, сұлтандар отыратын үй. Мұның да бірнеше түрі бар.
Алтын орда – 30 қанаттан (керегеден) тұратын хамәжіліс ордасы.
Алтын үзік – 24 қанаттан тұратын аса лауазымды хан отбасы тұратын үй.
Ақ шаңқан – 18 қанаттан тұратын үй.
Ақ орда – 12 қанаттан тұратын үй.
Ақ ала орда – 8 қанатты дәулетті бай үйі.
Ақ үй – 6 қанатты дәулетті бай үйі.
Боз үй, қоңыр үй – 4-5 қанатты ооташалар үйі.
Қараша үй – кедей үйі.
Отау – жас жұбайлар үйі.
Жолым үй, абылайша, жаппа – уақытша ғана отыратын шағын немесе жартылай тігілетін үйлер.
Күрек, қос – ауылдас ас сақтайтын, далада малшылар тұратын немесе кедейлер үйлері.[5]
Ақтағыр - 2 қанатты, 2 үзікпен жабылатын шағын киіз үй.
Қара құрым үй - киізінің тозығы жеткен, ескі үй.
Ұрыңқай - уық тәрізді сидам ағаштардан басын түйістіріп тігілген киіз үй.",Киіз үйлердің қандай екі түрі бар?,Қазақы және қалмақы
"Киіз үйлер қазақы және қалмқы деп екіге бөлінеді. Қазақы үйлер дөңгелек, толық күмбезді болды. Ал, қалмақы үйлер төбесі шошақтау келеді. [4]

Орда – салтанатты, жоғарымәртебелі адамдар басын қосатын елдік мәселе шешетін немесе аса құрметті хан, би, сұлтандар отыратын үй. Мұның да бірнеше түрі бар.
Алтын орда – 30 қанаттан (керегеден) тұратын хамәжіліс ордасы.
Алтын үзік – 24 қанаттан тұратын аса лауазымды хан отбасы тұратын үй.
Ақ шаңқан – 18 қанаттан тұратын үй.
Ақ орда – 12 қанаттан тұратын үй.
Ақ ала орда – 8 қанатты дәулетті бай үйі.
Ақ үй – 6 қанатты дәулетті бай үйі.
Боз үй, қоңыр үй – 4-5 қанатты ооташалар үйі.
Қараша үй – кедей үйі.
Отау – жас жұбайлар үйі.
Жолым үй, абылайша, жаппа – уақытша ғана отыратын шағын немесе жартылай тігілетін үйлер.
Күрек, қос – ауылдас ас сақтайтын, далада малшылар тұратын немесе кедейлер үйлері.[5]
Ақтағыр - 2 қанатты, 2 үзікпен жабылатын шағын киіз үй.
Қара құрым үй - киізінің тозығы жеткен, ескі үй.
Ұрыңқай - уық тәрізді сидам ағаштардан басын түйістіріп тігілген киіз үй.",Қазақы үйлер қандай пішінде болды?,"Дөңгелек, толық күмбезді"
"Киіз үйлер қазақы және қалмқы деп екіге бөлінеді. Қазақы үйлер дөңгелек, толық күмбезді болды. Ал, қалмақы үйлер төбесі шошақтау келеді. [4]

Орда – салтанатты, жоғарымәртебелі адамдар басын қосатын елдік мәселе шешетін немесе аса құрметті хан, би, сұлтандар отыратын үй. Мұның да бірнеше түрі бар.
Алтын орда – 30 қанаттан (керегеден) тұратын хамәжіліс ордасы.
Алтын үзік – 24 қанаттан тұратын аса лауазымды хан отбасы тұратын үй.
Ақ шаңқан – 18 қанаттан тұратын үй.
Ақ орда – 12 қанаттан тұратын үй.
Ақ ала орда – 8 қанатты дәулетті бай үйі.
Ақ үй – 6 қанатты дәулетті бай үйі.
Боз үй, қоңыр үй – 4-5 қанатты ооташалар үйі.
Қараша үй – кедей үйі.
Отау – жас жұбайлар үйі.
Жолым үй, абылайша, жаппа – уақытша ғана отыратын шағын немесе жартылай тігілетін үйлер.
Күрек, қос – ауылдас ас сақтайтын, далада малшылар тұратын немесе кедейлер үйлері.[5]
Ақтағыр - 2 қанатты, 2 үзікпен жабылатын шағын киіз үй.
Қара құрым үй - киізінің тозығы жеткен, ескі үй.
Ұрыңқай - уық тәрізді сидам ағаштардан басын түйістіріп тігілген киіз үй.",Қалмақы үйлердің төбесі қандай болды?,Шошақтау
"Киіз үйлер қазақы және қалмқы деп екіге бөлінеді. Қазақы үйлер дөңгелек, толық күмбезді болды. Ал, қалмақы үйлер төбесі шошақтау келеді. [4]

Орда – салтанатты, жоғарымәртебелі адамдар басын қосатын елдік мәселе шешетін немесе аса құрметті хан, би, сұлтандар отыратын үй. Мұның да бірнеше түрі бар.
Алтын орда – 30 қанаттан (керегеден) тұратын хамәжіліс ордасы.
Алтын үзік – 24 қанаттан тұратын аса лауазымды хан отбасы тұратын үй.
Ақ шаңқан – 18 қанаттан тұратын үй.
Ақ орда – 12 қанаттан тұратын үй.
Ақ ала орда – 8 қанатты дәулетті бай үйі.
Ақ үй – 6 қанатты дәулетті бай үйі.
Боз үй, қоңыр үй – 4-5 қанатты ооташалар үйі.
Қараша үй – кедей үйі.
Отау – жас жұбайлар үйі.
Жолым үй, абылайша, жаппа – уақытша ғана отыратын шағын немесе жартылай тігілетін үйлер.
Күрек, қос – ауылдас ас сақтайтын, далада малшылар тұратын немесе кедейлер үйлері.[5]
Ақтағыр - 2 қанатты, 2 үзікпен жабылатын шағын киіз үй.
Қара құрым үй - киізінің тозығы жеткен, ескі үй.
Ұрыңқай - уық тәрізді сидам ағаштардан басын түйістіріп тігілген киіз үй.",Орда деген не?,"Жоғарымәртебелі адамдар жиналатын, салтанатты үй"
"Киіз үйлер қазақы және қалмқы деп екіге бөлінеді. Қазақы үйлер дөңгелек, толық күмбезді болды. Ал, қалмақы үйлер төбесі шошақтау келеді. [4]

Орда – салтанатты, жоғарымәртебелі адамдар басын қосатын елдік мәселе шешетін немесе аса құрметті хан, би, сұлтандар отыратын үй. Мұның да бірнеше түрі бар.
Алтын орда – 30 қанаттан (керегеден) тұратын хамәжіліс ордасы.
Алтын үзік – 24 қанаттан тұратын аса лауазымды хан отбасы тұратын үй.
Ақ шаңқан – 18 қанаттан тұратын үй.
Ақ орда – 12 қанаттан тұратын үй.
Ақ ала орда – 8 қанатты дәулетті бай үйі.
Ақ үй – 6 қанатты дәулетті бай үйі.
Боз үй, қоңыр үй – 4-5 қанатты ооташалар үйі.
Қараша үй – кедей үйі.
Отау – жас жұбайлар үйі.
Жолым үй, абылайша, жаппа – уақытша ғана отыратын шағын немесе жартылай тігілетін үйлер.
Күрек, қос – ауылдас ас сақтайтын, далада малшылар тұратын немесе кедейлер үйлері.[5]
Ақтағыр - 2 қанатты, 2 үзікпен жабылатын шағын киіз үй.
Қара құрым үй - киізінің тозығы жеткен, ескі үй.
Ұрыңқай - уық тәрізді сидам ағаштардан басын түйістіріп тігілген киіз үй.",Алтын орда қанша қанаттан тұрады?,30 қанат
"Киіз үйлер қазақы және қалмқы деп екіге бөлінеді. Қазақы үйлер дөңгелек, толық күмбезді болды. Ал, қалмақы үйлер төбесі шошақтау келеді. [4]

Орда – салтанатты, жоғарымәртебелі адамдар басын қосатын елдік мәселе шешетін немесе аса құрметті хан, би, сұлтандар отыратын үй. Мұның да бірнеше түрі бар.
Алтын орда – 30 қанаттан (керегеден) тұратын хамәжіліс ордасы.
Алтын үзік – 24 қанаттан тұратын аса лауазымды хан отбасы тұратын үй.
Ақ шаңқан – 18 қанаттан тұратын үй.
Ақ орда – 12 қанаттан тұратын үй.
Ақ ала орда – 8 қанатты дәулетті бай үйі.
Ақ үй – 6 қанатты дәулетті бай үйі.
Боз үй, қоңыр үй – 4-5 қанатты ооташалар үйі.
Қараша үй – кедей үйі.
Отау – жас жұбайлар үйі.
Жолым үй, абылайша, жаппа – уақытша ғана отыратын шағын немесе жартылай тігілетін үйлер.
Күрек, қос – ауылдас ас сақтайтын, далада малшылар тұратын немесе кедейлер үйлері.[5]
Ақтағыр - 2 қанатты, 2 үзікпен жабылатын шағын киіз үй.
Қара құрым үй - киізінің тозығы жеткен, ескі үй.
Ұрыңқай - уық тәрізді сидам ағаштардан басын түйістіріп тігілген киіз үй.",Алтын үзік неше қанаттан тұрады?,24 қанат
"Киіз үйлер қазақы және қалмқы деп екіге бөлінеді. Қазақы үйлер дөңгелек, толық күмбезді болды. Ал, қалмақы үйлер төбесі шошақтау келеді. [4]

Орда – салтанатты, жоғарымәртебелі адамдар басын қосатын елдік мәселе шешетін немесе аса құрметті хан, би, сұлтандар отыратын үй. Мұның да бірнеше түрі бар.
Алтын орда – 30 қанаттан (керегеден) тұратын хамәжіліс ордасы.
Алтын үзік – 24 қанаттан тұратын аса лауазымды хан отбасы тұратын үй.
Ақ шаңқан – 18 қанаттан тұратын үй.
Ақ орда – 12 қанаттан тұратын үй.
Ақ ала орда – 8 қанатты дәулетті бай үйі.
Ақ үй – 6 қанатты дәулетті бай үйі.
Боз үй, қоңыр үй – 4-5 қанатты ооташалар үйі.
Қараша үй – кедей үйі.
Отау – жас жұбайлар үйі.
Жолым үй, абылайша, жаппа – уақытша ғана отыратын шағын немесе жартылай тігілетін үйлер.
Күрек, қос – ауылдас ас сақтайтын, далада малшылар тұратын немесе кедейлер үйлері.[5]
Ақтағыр - 2 қанатты, 2 үзікпен жабылатын шағын киіз үй.
Қара құрым үй - киізінің тозығы жеткен, ескі үй.
Ұрыңқай - уық тәрізді сидам ағаштардан басын түйістіріп тігілген киіз үй.",Ақ шаңқан қанша қанатты үй?,18 қанат
"Киіз үйлер қазақы және қалмқы деп екіге бөлінеді. Қазақы үйлер дөңгелек, толық күмбезді болды. Ал, қалмақы үйлер төбесі шошақтау келеді. [4]

Орда – салтанатты, жоғарымәртебелі адамдар басын қосатын елдік мәселе шешетін немесе аса құрметті хан, би, сұлтандар отыратын үй. Мұның да бірнеше түрі бар.
Алтын орда – 30 қанаттан (керегеден) тұратын хамәжіліс ордасы.
Алтын үзік – 24 қанаттан тұратын аса лауазымды хан отбасы тұратын үй.
Ақ шаңқан – 18 қанаттан тұратын үй.
Ақ орда – 12 қанаттан тұратын үй.
Ақ ала орда – 8 қанатты дәулетті бай үйі.
Ақ үй – 6 қанатты дәулетті бай үйі.
Боз үй, қоңыр үй – 4-5 қанатты ооташалар үйі.
Қараша үй – кедей үйі.
Отау – жас жұбайлар үйі.
Жолым үй, абылайша, жаппа – уақытша ғана отыратын шағын немесе жартылай тігілетін үйлер.
Күрек, қос – ауылдас ас сақтайтын, далада малшылар тұратын немесе кедейлер үйлері.[5]
Ақтағыр - 2 қанатты, 2 үзікпен жабылатын шағын киіз үй.
Қара құрым үй - киізінің тозығы жеткен, ескі үй.
Ұрыңқай - уық тәрізді сидам ағаштардан басын түйістіріп тігілген киіз үй.",Ақ орда қанша қанатты болды?,12 қанат
"Киіз үйлер қазақы және қалмқы деп екіге бөлінеді. Қазақы үйлер дөңгелек, толық күмбезді болды. Ал, қалмақы үйлер төбесі шошақтау келеді. [4]

Орда – салтанатты, жоғарымәртебелі адамдар басын қосатын елдік мәселе шешетін немесе аса құрметті хан, би, сұлтандар отыратын үй. Мұның да бірнеше түрі бар.
Алтын орда – 30 қанаттан (керегеден) тұратын хамәжіліс ордасы.
Алтын үзік – 24 қанаттан тұратын аса лауазымды хан отбасы тұратын үй.
Ақ шаңқан – 18 қанаттан тұратын үй.
Ақ орда – 12 қанаттан тұратын үй.
Ақ ала орда – 8 қанатты дәулетті бай үйі.
Ақ үй – 6 қанатты дәулетті бай үйі.
Боз үй, қоңыр үй – 4-5 қанатты ооташалар үйі.
Қараша үй – кедей үйі.
Отау – жас жұбайлар үйі.
Жолым үй, абылайша, жаппа – уақытша ғана отыратын шағын немесе жартылай тігілетін үйлер.
Күрек, қос – ауылдас ас сақтайтын, далада малшылар тұратын немесе кедейлер үйлері.[5]
Ақтағыр - 2 қанатты, 2 үзікпен жабылатын шағын киіз үй.
Қара құрым үй - киізінің тозығы жеткен, ескі үй.
Ұрыңқай - уық тәрізді сидам ағаштардан басын түйістіріп тігілген киіз үй.",Ақ ала орда қандай үй?,8 қанатты дәулетті бай үйі
"Киіз үйлер қазақы және қалмқы деп екіге бөлінеді. Қазақы үйлер дөңгелек, толық күмбезді болды. Ал, қалмақы үйлер төбесі шошақтау келеді. [4]

Орда – салтанатты, жоғарымәртебелі адамдар басын қосатын елдік мәселе шешетін немесе аса құрметті хан, би, сұлтандар отыратын үй. Мұның да бірнеше түрі бар.
Алтын орда – 30 қанаттан (керегеден) тұратын хамәжіліс ордасы.
Алтын үзік – 24 қанаттан тұратын аса лауазымды хан отбасы тұратын үй.
Ақ шаңқан – 18 қанаттан тұратын үй.
Ақ орда – 12 қанаттан тұратын үй.
Ақ ала орда – 8 қанатты дәулетті бай үйі.
Ақ үй – 6 қанатты дәулетті бай үйі.
Боз үй, қоңыр үй – 4-5 қанатты ооташалар үйі.
Қараша үй – кедей үйі.
Отау – жас жұбайлар үйі.
Жолым үй, абылайша, жаппа – уақытша ғана отыратын шағын немесе жартылай тігілетін үйлер.
Күрек, қос – ауылдас ас сақтайтын, далада малшылар тұратын немесе кедейлер үйлері.[5]
Ақтағыр - 2 қанатты, 2 үзікпен жабылатын шағын киіз үй.
Қара құрым үй - киізінің тозығы жеткен, ескі үй.
Ұрыңқай - уық тәрізді сидам ағаштардан басын түйістіріп тігілген киіз үй.",Ақ үй қандай үй?,6 қанатты дәулетті бай үй
"Киіз үйлер қазақы және қалмқы деп екіге бөлінеді. Қазақы үйлер дөңгелек, толық күмбезді болды. Ал, қалмақы үйлер төбесі шошақтау келеді. [4]

Орда – салтанатты, жоғарымәртебелі адамдар басын қосатын елдік мәселе шешетін немесе аса құрметті хан, би, сұлтандар отыратын үй. Мұның да бірнеше түрі бар.
Алтын орда – 30 қанаттан (керегеден) тұратын хамәжіліс ордасы.
Алтын үзік – 24 қанаттан тұратын аса лауазымды хан отбасы тұратын үй.
Ақ шаңқан – 18 қанаттан тұратын үй.
Ақ орда – 12 қанаттан тұратын үй.
Ақ ала орда – 8 қанатты дәулетті бай үйі.
Ақ үй – 6 қанатты дәулетті бай үйі.
Боз үй, қоңыр үй – 4-5 қанатты ооташалар үйі.
Қараша үй – кедей үйі.
Отау – жас жұбайлар үйі.
Жолым үй, абылайша, жаппа – уақытша ғана отыратын шағын немесе жартылай тігілетін үйлер.
Күрек, қос – ауылдас ас сақтайтын, далада малшылар тұратын немесе кедейлер үйлері.[5]
Ақтағыр - 2 қанатты, 2 үзікпен жабылатын шағын киіз үй.
Қара құрым үй - киізінің тозығы жеткен, ескі үй.
Ұрыңқай - уық тәрізді сидам ағаштардан басын түйістіріп тігілген киіз үй.",Боз үй немесе қоңыр үй қандай үйге жатады?,4–5 қанатты орташа үйге
"Киіз үйлер қазақы және қалмқы деп екіге бөлінеді. Қазақы үйлер дөңгелек, толық күмбезді болды. Ал, қалмақы үйлер төбесі шошақтау келеді. [4]

Орда – салтанатты, жоғарымәртебелі адамдар басын қосатын елдік мәселе шешетін немесе аса құрметті хан, би, сұлтандар отыратын үй. Мұның да бірнеше түрі бар.
Алтын орда – 30 қанаттан (керегеден) тұратын хамәжіліс ордасы.
Алтын үзік – 24 қанаттан тұратын аса лауазымды хан отбасы тұратын үй.
Ақ шаңқан – 18 қанаттан тұратын үй.
Ақ орда – 12 қанаттан тұратын үй.
Ақ ала орда – 8 қанатты дәулетті бай үйі.
Ақ үй – 6 қанатты дәулетті бай үйі.
Боз үй, қоңыр үй – 4-5 қанатты ооташалар үйі.
Қараша үй – кедей үйі.
Отау – жас жұбайлар үйі.
Жолым үй, абылайша, жаппа – уақытша ғана отыратын шағын немесе жартылай тігілетін үйлер.
Күрек, қос – ауылдас ас сақтайтын, далада малшылар тұратын немесе кедейлер үйлері.[5]
Ақтағыр - 2 қанатты, 2 үзікпен жабылатын шағын киіз үй.
Қара құрым үй - киізінің тозығы жеткен, ескі үй.
Ұрыңқай - уық тәрізді сидам ағаштардан басын түйістіріп тігілген киіз үй.",Қараша үй кімдердің үйі?,Кедей үйі
"Киіз үйлер қазақы және қалмқы деп екіге бөлінеді. Қазақы үйлер дөңгелек, толық күмбезді болды. Ал, қалмақы үйлер төбесі шошақтау келеді. [4]

Орда – салтанатты, жоғарымәртебелі адамдар басын қосатын елдік мәселе шешетін немесе аса құрметті хан, би, сұлтандар отыратын үй. Мұның да бірнеше түрі бар.
Алтын орда – 30 қанаттан (керегеден) тұратын хамәжіліс ордасы.
Алтын үзік – 24 қанаттан тұратын аса лауазымды хан отбасы тұратын үй.
Ақ шаңқан – 18 қанаттан тұратын үй.
Ақ орда – 12 қанаттан тұратын үй.
Ақ ала орда – 8 қанатты дәулетті бай үйі.
Ақ үй – 6 қанатты дәулетті бай үйі.
Боз үй, қоңыр үй – 4-5 қанатты ооташалар үйі.
Қараша үй – кедей үйі.
Отау – жас жұбайлар үйі.
Жолым үй, абылайша, жаппа – уақытша ғана отыратын шағын немесе жартылай тігілетін үйлер.
Күрек, қос – ауылдас ас сақтайтын, далада малшылар тұратын немесе кедейлер үйлері.[5]
Ақтағыр - 2 қанатты, 2 үзікпен жабылатын шағын киіз үй.
Қара құрым үй - киізінің тозығы жеткен, ескі үй.
Ұрыңқай - уық тәрізді сидам ағаштардан басын түйістіріп тігілген киіз үй.",Жас жұбайлар үйі қалай аталды?,Отау
"Киіз үйлер қазақы және қалмқы деп екіге бөлінеді. Қазақы үйлер дөңгелек, толық күмбезді болды. Ал, қалмақы үйлер төбесі шошақтау келеді. [4]

Орда – салтанатты, жоғарымәртебелі адамдар басын қосатын елдік мәселе шешетін немесе аса құрметті хан, би, сұлтандар отыратын үй. Мұның да бірнеше түрі бар.
Алтын орда – 30 қанаттан (керегеден) тұратын хамәжіліс ордасы.
Алтын үзік – 24 қанаттан тұратын аса лауазымды хан отбасы тұратын үй.
Ақ шаңқан – 18 қанаттан тұратын үй.
Ақ орда – 12 қанаттан тұратын үй.
Ақ ала орда – 8 қанатты дәулетті бай үйі.
Ақ үй – 6 қанатты дәулетті бай үйі.
Боз үй, қоңыр үй – 4-5 қанатты ооташалар үйі.
Қараша үй – кедей үйі.
Отау – жас жұбайлар үйі.
Жолым үй, абылайша, жаппа – уақытша ғана отыратын шағын немесе жартылай тігілетін үйлер.
Күрек, қос – ауылдас ас сақтайтын, далада малшылар тұратын немесе кедейлер үйлері.[5]
Ақтағыр - 2 қанатты, 2 үзікпен жабылатын шағын киіз үй.
Қара құрым үй - киізінің тозығы жеткен, ескі үй.
Ұрыңқай - уық тәрізді сидам ағаштардан басын түйістіріп тігілген киіз үй.","Жолым үй, абылайша, жаппа нені білдіреді?",Уақытша тігілетін шағын үйлерді.
"Киіз үйлер қазақы және қалмқы деп екіге бөлінеді. Қазақы үйлер дөңгелек, толық күмбезді болды. Ал, қалмақы үйлер төбесі шошақтау келеді. [4]

Орда – салтанатты, жоғарымәртебелі адамдар басын қосатын елдік мәселе шешетін немесе аса құрметті хан, би, сұлтандар отыратын үй. Мұның да бірнеше түрі бар.
Алтын орда – 30 қанаттан (керегеден) тұратын хамәжіліс ордасы.
Алтын үзік – 24 қанаттан тұратын аса лауазымды хан отбасы тұратын үй.
Ақ шаңқан – 18 қанаттан тұратын үй.
Ақ орда – 12 қанаттан тұратын үй.
Ақ ала орда – 8 қанатты дәулетті бай үйі.
Ақ үй – 6 қанатты дәулетті бай үйі.
Боз үй, қоңыр үй – 4-5 қанатты ооташалар үйі.
Қараша үй – кедей үйі.
Отау – жас жұбайлар үйі.
Жолым үй, абылайша, жаппа – уақытша ғана отыратын шағын немесе жартылай тігілетін үйлер.
Күрек, қос – ауылдас ас сақтайтын, далада малшылар тұратын немесе кедейлер үйлері.[5]
Ақтағыр - 2 қанатты, 2 үзікпен жабылатын шағын киіз үй.
Қара құрым үй - киізінің тозығы жеткен, ескі үй.
Ұрыңқай - уық тәрізді сидам ағаштардан басын түйістіріп тігілген киіз үй.",Күрек пен қос кімдерге тән?,Малшылар немесе кедейлерге
"Киіз үйлер қазақы және қалмқы деп екіге бөлінеді. Қазақы үйлер дөңгелек, толық күмбезді болды. Ал, қалмақы үйлер төбесі шошақтау келеді. [4]

Орда – салтанатты, жоғарымәртебелі адамдар басын қосатын елдік мәселе шешетін немесе аса құрметті хан, би, сұлтандар отыратын үй. Мұның да бірнеше түрі бар.
Алтын орда – 30 қанаттан (керегеден) тұратын хамәжіліс ордасы.
Алтын үзік – 24 қанаттан тұратын аса лауазымды хан отбасы тұратын үй.
Ақ шаңқан – 18 қанаттан тұратын үй.
Ақ орда – 12 қанаттан тұратын үй.
Ақ ала орда – 8 қанатты дәулетті бай үйі.
Ақ үй – 6 қанатты дәулетті бай үйі.
Боз үй, қоңыр үй – 4-5 қанатты ооташалар үйі.
Қараша үй – кедей үйі.
Отау – жас жұбайлар үйі.
Жолым үй, абылайша, жаппа – уақытша ғана отыратын шағын немесе жартылай тігілетін үйлер.
Күрек, қос – ауылдас ас сақтайтын, далада малшылар тұратын немесе кедейлер үйлері.[5]
Ақтағыр - 2 қанатты, 2 үзікпен жабылатын шағын киіз үй.
Қара құрым үй - киізінің тозығы жеткен, ескі үй.
Ұрыңқай - уық тәрізді сидам ағаштардан басын түйістіріп тігілген киіз үй.",Ақтағыр деген не?,"2 қанатты, 2 үзікпен жабылатын шағын киіз үй"
"Киіз үйлер қазақы және қалмқы деп екіге бөлінеді. Қазақы үйлер дөңгелек, толық күмбезді болды. Ал, қалмақы үйлер төбесі шошақтау келеді. [4]

Орда – салтанатты, жоғарымәртебелі адамдар басын қосатын елдік мәселе шешетін немесе аса құрметті хан, би, сұлтандар отыратын үй. Мұның да бірнеше түрі бар.
Алтын орда – 30 қанаттан (керегеден) тұратын хамәжіліс ордасы.
Алтын үзік – 24 қанаттан тұратын аса лауазымды хан отбасы тұратын үй.
Ақ шаңқан – 18 қанаттан тұратын үй.
Ақ орда – 12 қанаттан тұратын үй.
Ақ ала орда – 8 қанатты дәулетті бай үйі.
Ақ үй – 6 қанатты дәулетті бай үйі.
Боз үй, қоңыр үй – 4-5 қанатты ооташалар үйі.
Қараша үй – кедей үйі.
Отау – жас жұбайлар үйі.
Жолым үй, абылайша, жаппа – уақытша ғана отыратын шағын немесе жартылай тігілетін үйлер.
Күрек, қос – ауылдас ас сақтайтын, далада малшылар тұратын немесе кедейлер үйлері.[5]
Ақтағыр - 2 қанатты, 2 үзікпен жабылатын шағын киіз үй.
Қара құрым үй - киізінің тозығы жеткен, ескі үй.
Ұрыңқай - уық тәрізді сидам ағаштардан басын түйістіріп тігілген киіз үй.",Қара құрым үй деген не?,Киізінің тозығы жеткен ескі үй
"Киіз үйлер қазақы және қалмқы деп екіге бөлінеді. Қазақы үйлер дөңгелек, толық күмбезді болды. Ал, қалмақы үйлер төбесі шошақтау келеді. [4]

Орда – салтанатты, жоғарымәртебелі адамдар басын қосатын елдік мәселе шешетін немесе аса құрметті хан, би, сұлтандар отыратын үй. Мұның да бірнеше түрі бар.
Алтын орда – 30 қанаттан (керегеден) тұратын хамәжіліс ордасы.
Алтын үзік – 24 қанаттан тұратын аса лауазымды хан отбасы тұратын үй.
Ақ шаңқан – 18 қанаттан тұратын үй.
Ақ орда – 12 қанаттан тұратын үй.
Ақ ала орда – 8 қанатты дәулетті бай үйі.
Ақ үй – 6 қанатты дәулетті бай үйі.
Боз үй, қоңыр үй – 4-5 қанатты ооташалар үйі.
Қараша үй – кедей үйі.
Отау – жас жұбайлар үйі.
Жолым үй, абылайша, жаппа – уақытша ғана отыратын шағын немесе жартылай тігілетін үйлер.
Күрек, қос – ауылдас ас сақтайтын, далада малшылар тұратын немесе кедейлер үйлері.[5]
Ақтағыр - 2 қанатты, 2 үзікпен жабылатын шағын киіз үй.
Қара құрым үй - киізінің тозығы жеткен, ескі үй.
Ұрыңқай - уық тәрізді сидам ағаштардан басын түйістіріп тігілген киіз үй.",Ұрыңқай қалай тігіледі?,Уық тәрізді сидам ағаштардың басын түйістіріп
"Өмірлік тәжірибе құлаған киіз үйдің ең көп зақымданатыны уық қаламдары екенін көрсетіп жүр. Бұндай жағдайға ұшыраған киіз үй сүйектері зақымданған уық қаламдарын сәл ұзартып, қайта қаламдаумен шектеледі де, үй қалпына келтіріледі.[6]

Тоғын– шаңырақтың дөңгелек шеңбері.
Шаңырақ– үйдің бас бөлігі.
Күлдіреуіш– түнікті көтеріп тұратын, ағаштан иіп жасалған бөлшек.
Кепілдік (кепіл ағаш) – күлдіреуіштерді біріктіріп ұстап тұратын ағаш.
Қаламдық– уақыттың қаламы (басы) кіріп тұратын, шаңырақтағы төрт бұрышты тесік.
Қаламы– уықтың шаңырақ қаламындағы сұғылатын ұшы.
Уық– шаңырақ пен кереге ортасын қосатын иінді ағаш.
Алақаны– уықтың кереге басына бекітілетін басы.",Киіз үйдің ең көп зақымданатын бөлігі қайсы?,Уық қаламдары
"Өмірлік тәжірибе құлаған киіз үйдің ең көп зақымданатыны уық қаламдары екенін көрсетіп жүр. Бұндай жағдайға ұшыраған киіз үй сүйектері зақымданған уық қаламдарын сәл ұзартып, қайта қаламдаумен шектеледі де, үй қалпына келтіріледі.[6]

Тоғын– шаңырақтың дөңгелек шеңбері.
Шаңырақ– үйдің бас бөлігі.
Күлдіреуіш– түнікті көтеріп тұратын, ағаштан иіп жасалған бөлшек.
Кепілдік (кепіл ағаш) – күлдіреуіштерді біріктіріп ұстап тұратын ағаш.
Қаламдық– уақыттың қаламы (басы) кіріп тұратын, шаңырақтағы төрт бұрышты тесік.
Қаламы– уықтың шаңырақ қаламындағы сұғылатын ұшы.
Уық– шаңырақ пен кереге ортасын қосатын иінді ағаш.
Алақаны– уықтың кереге басына бекітілетін басы.",Зақымданған уық қаламдары қалай жөнделеді?,"Сәл ұзартып, қайта қаламдаумен"
"Өмірлік тәжірибе құлаған киіз үйдің ең көп зақымданатыны уық қаламдары екенін көрсетіп жүр. Бұндай жағдайға ұшыраған киіз үй сүйектері зақымданған уық қаламдарын сәл ұзартып, қайта қаламдаумен шектеледі де, үй қалпына келтіріледі.[6]

Тоғын– шаңырақтың дөңгелек шеңбері.
Шаңырақ– үйдің бас бөлігі.
Күлдіреуіш– түнікті көтеріп тұратын, ағаштан иіп жасалған бөлшек.
Кепілдік (кепіл ағаш) – күлдіреуіштерді біріктіріп ұстап тұратын ағаш.
Қаламдық– уақыттың қаламы (басы) кіріп тұратын, шаңырақтағы төрт бұрышты тесік.
Қаламы– уықтың шаңырақ қаламындағы сұғылатын ұшы.
Уық– шаңырақ пен кереге ортасын қосатын иінді ағаш.
Алақаны– уықтың кереге басына бекітілетін басы.",Тоғын деген не?,Шаңырақтың дөңгелек шеңбері
"Өмірлік тәжірибе құлаған киіз үйдің ең көп зақымданатыны уық қаламдары екенін көрсетіп жүр. Бұндай жағдайға ұшыраған киіз үй сүйектері зақымданған уық қаламдарын сәл ұзартып, қайта қаламдаумен шектеледі де, үй қалпына келтіріледі.[6]

Тоғын– шаңырақтың дөңгелек шеңбері.
Шаңырақ– үйдің бас бөлігі.
Күлдіреуіш– түнікті көтеріп тұратын, ағаштан иіп жасалған бөлшек.
Кепілдік (кепіл ағаш) – күлдіреуіштерді біріктіріп ұстап тұратын ағаш.
Қаламдық– уақыттың қаламы (басы) кіріп тұратын, шаңырақтағы төрт бұрышты тесік.
Қаламы– уықтың шаңырақ қаламындағы сұғылатын ұшы.
Уық– шаңырақ пен кереге ортасын қосатын иінді ағаш.
Алақаны– уықтың кереге басына бекітілетін басы.",Шаңырақ деген не?,Үйдің бас бөлігі
"Өмірлік тәжірибе құлаған киіз үйдің ең көп зақымданатыны уық қаламдары екенін көрсетіп жүр. Бұндай жағдайға ұшыраған киіз үй сүйектері зақымданған уық қаламдарын сәл ұзартып, қайта қаламдаумен шектеледі де, үй қалпына келтіріледі.[6]

Тоғын– шаңырақтың дөңгелек шеңбері.
Шаңырақ– үйдің бас бөлігі.
Күлдіреуіш– түнікті көтеріп тұратын, ағаштан иіп жасалған бөлшек.
Кепілдік (кепіл ағаш) – күлдіреуіштерді біріктіріп ұстап тұратын ағаш.
Қаламдық– уақыттың қаламы (басы) кіріп тұратын, шаңырақтағы төрт бұрышты тесік.
Қаламы– уықтың шаңырақ қаламындағы сұғылатын ұшы.
Уық– шаңырақ пен кереге ортасын қосатын иінді ағаш.
Алақаны– уықтың кереге басына бекітілетін басы.",Күлдіреуіштің қызметі қандай?,Түнікті көтеріп тұрады
"Өмірлік тәжірибе құлаған киіз үйдің ең көп зақымданатыны уық қаламдары екенін көрсетіп жүр. Бұндай жағдайға ұшыраған киіз үй сүйектері зақымданған уық қаламдарын сәл ұзартып, қайта қаламдаумен шектеледі де, үй қалпына келтіріледі.[6]

Тоғын– шаңырақтың дөңгелек шеңбері.
Шаңырақ– үйдің бас бөлігі.
Күлдіреуіш– түнікті көтеріп тұратын, ағаштан иіп жасалған бөлшек.
Кепілдік (кепіл ағаш) – күлдіреуіштерді біріктіріп ұстап тұратын ағаш.
Қаламдық– уақыттың қаламы (басы) кіріп тұратын, шаңырақтағы төрт бұрышты тесік.
Қаламы– уықтың шаңырақ қаламындағы сұғылатын ұшы.
Уық– шаңырақ пен кереге ортасын қосатын иінді ағаш.
Алақаны– уықтың кереге басына бекітілетін басы.",Кепіл ағаш деген не?,Күлдіреуіштерді біріктіріп ұстап тұратын ағаш
"Өмірлік тәжірибе құлаған киіз үйдің ең көп зақымданатыны уық қаламдары екенін көрсетіп жүр. Бұндай жағдайға ұшыраған киіз үй сүйектері зақымданған уық қаламдарын сәл ұзартып, қайта қаламдаумен шектеледі де, үй қалпына келтіріледі.[6]

Тоғын– шаңырақтың дөңгелек шеңбері.
Шаңырақ– үйдің бас бөлігі.
Күлдіреуіш– түнікті көтеріп тұратын, ағаштан иіп жасалған бөлшек.
Кепілдік (кепіл ағаш) – күлдіреуіштерді біріктіріп ұстап тұратын ағаш.
Қаламдық– уақыттың қаламы (басы) кіріп тұратын, шаңырақтағы төрт бұрышты тесік.
Қаламы– уықтың шаңырақ қаламындағы сұғылатын ұшы.
Уық– шаңырақ пен кереге ортасын қосатын иінді ағаш.
Алақаны– уықтың кереге басына бекітілетін басы.",Қаламдық деген не?,"Уық қаламы кіретін, шаңырақтағы төрт бұрышты тесік"
"Өмірлік тәжірибе құлаған киіз үйдің ең көп зақымданатыны уық қаламдары екенін көрсетіп жүр. Бұндай жағдайға ұшыраған киіз үй сүйектері зақымданған уық қаламдарын сәл ұзартып, қайта қаламдаумен шектеледі де, үй қалпына келтіріледі.[6]

Тоғын– шаңырақтың дөңгелек шеңбері.
Шаңырақ– үйдің бас бөлігі.
Күлдіреуіш– түнікті көтеріп тұратын, ағаштан иіп жасалған бөлшек.
Кепілдік (кепіл ағаш) – күлдіреуіштерді біріктіріп ұстап тұратын ағаш.
Қаламдық– уақыттың қаламы (басы) кіріп тұратын, шаңырақтағы төрт бұрышты тесік.
Қаламы– уықтың шаңырақ қаламындағы сұғылатын ұшы.
Уық– шаңырақ пен кереге ортасын қосатын иінді ағаш.
Алақаны– уықтың кереге басына бекітілетін басы.",Қаламы деген не?,Уықтың шаңыраққа сұғылатын ұшы
"Өмірлік тәжірибе құлаған киіз үйдің ең көп зақымданатыны уық қаламдары екенін көрсетіп жүр. Бұндай жағдайға ұшыраған киіз үй сүйектері зақымданған уық қаламдарын сәл ұзартып, қайта қаламдаумен шектеледі де, үй қалпына келтіріледі.[6]

Тоғын– шаңырақтың дөңгелек шеңбері.
Шаңырақ– үйдің бас бөлігі.
Күлдіреуіш– түнікті көтеріп тұратын, ағаштан иіп жасалған бөлшек.
Кепілдік (кепіл ағаш) – күлдіреуіштерді біріктіріп ұстап тұратын ағаш.
Қаламдық– уақыттың қаламы (басы) кіріп тұратын, шаңырақтағы төрт бұрышты тесік.
Қаламы– уықтың шаңырақ қаламындағы сұғылатын ұшы.
Уық– шаңырақ пен кереге ортасын қосатын иінді ағаш.
Алақаны– уықтың кереге басына бекітілетін басы.",Уық нені қосады?,Шаңырақ пен керегені
"Өмірлік тәжірибе құлаған киіз үйдің ең көп зақымданатыны уық қаламдары екенін көрсетіп жүр. Бұндай жағдайға ұшыраған киіз үй сүйектері зақымданған уық қаламдарын сәл ұзартып, қайта қаламдаумен шектеледі де, үй қалпына келтіріледі.[6]

Тоғын– шаңырақтың дөңгелек шеңбері.
Шаңырақ– үйдің бас бөлігі.
Күлдіреуіш– түнікті көтеріп тұратын, ағаштан иіп жасалған бөлшек.
Кепілдік (кепіл ағаш) – күлдіреуіштерді біріктіріп ұстап тұратын ағаш.
Қаламдық– уақыттың қаламы (басы) кіріп тұратын, шаңырақтағы төрт бұрышты тесік.
Қаламы– уықтың шаңырақ қаламындағы сұғылатын ұшы.
Уық– шаңырақ пен кереге ортасын қосатын иінді ағаш.
Алақаны– уықтың кереге басына бекітілетін басы.",Алақаны деген не?,Уықтың керегеге бекітілетін басы
"Киiз үйдiң есiгi әдетте шығысқа қарай бағытталады. Бұл — күннiң сәулесi үйге бiрiншi түссiн дегендi бiлдiредi.

Есiкке қарама-қарсы бетте — төр. Төрдегi адам есiкке қарап отырады. Егер ол малдас құрып отырса, оның әкесi жоқ деп есептеңiз. Әкесi тiрi адам малдас құрмайды. Отырудың өзiнiң осындай таңбалық мәнi бар.",Киіз үй есігі қай жаққа бағытталады?,Әдетте шығысқа
"Киiз үйдiң есiгi әдетте шығысқа қарай бағытталады. Бұл — күннiң сәулесi үйге бiрiншi түссiн дегендi бiлдiредi.

Есiкке қарама-қарсы бетте — төр. Төрдегi адам есiкке қарап отырады. Егер ол малдас құрып отырса, оның әкесi жоқ деп есептеңiз. Әкесi тiрi адам малдас құрмайды. Отырудың өзiнiң осындай таңбалық мәнi бар.",Неліктен есік шығысқа қарайды?,Күн сәулесі үйге бірінші түсуі үшін
"Киiз үйдiң есiгi әдетте шығысқа қарай бағытталады. Бұл — күннiң сәулесi үйге бiрiншi түссiн дегендi бiлдiредi.

Есiкке қарама-қарсы бетте — төр. Төрдегi адам есiкке қарап отырады. Егер ол малдас құрып отырса, оның әкесi жоқ деп есептеңiз. Әкесi тiрi адам малдас құрмайды. Отырудың өзiнiң осындай таңбалық мәнi бар.",Есіктің қарсы беті қалай аталады?,Төр
"Киiз үйдiң есiгi әдетте шығысқа қарай бағытталады. Бұл — күннiң сәулесi үйге бiрiншi түссiн дегендi бiлдiредi.

Есiкке қарама-қарсы бетте — төр. Төрдегi адам есiкке қарап отырады. Егер ол малдас құрып отырса, оның әкесi жоқ деп есептеңiз. Әкесi тiрi адам малдас құрмайды. Отырудың өзiнiң осындай таңбалық мәнi бар.","Егер төрдегі адам малдас құрып отырса, ол нені білдіреді?",Оның әкесі жоқ дегенді
"Киiз үйдiң есiгi әдетте шығысқа қарай бағытталады. Бұл — күннiң сәулесi үйге бiрiншi түссiн дегендi бiлдiредi.

Есiкке қарама-қарсы бетте — төр. Төрдегi адам есiкке қарап отырады. Егер ол малдас құрып отырса, оның әкесi жоқ деп есептеңiз. Әкесi тiрi адам малдас құрмайды. Отырудың өзiнiң осындай таңбалық мәнi бар.",Әкесі тірі адам қалай отырады?,Малдас құрмайды
"Киiз үйдiң есiгi әдетте шығысқа қарай бағытталады. Бұл — күннiң сәулесi үйге бiрiншi түссiн дегендi бiлдiредi.

Есiкке қарама-қарсы бетте — төр. Төрдегi адам есiкке қарап отырады. Егер ол малдас құрып отырса, оның әкесi жоқ деп есептеңiз. Әкесi тiрi адам малдас құрмайды. Отырудың өзiнiң осындай таңбалық мәнi бар.",Киіз үйдегі отырыстың мәні қандай болды?,"Таңбалық, символдық мәні бар"
Амангелді — 1938 жылы Ленфильмде Алматы кинохроника студиясы кинематографистертерімен түсірілген көркем фильм. Қазақстан тарихындағы алғашқы дыбысты фильм.,Қазақтың бірінші дыбысты фильмы қандай?,Амангелді
Амангелді — 1938 жылы Ленфильмде Алматы кинохроника студиясы кинематографистертерімен түсірілген көркем фильм. Қазақстан тарихындағы алғашқы дыбысты фильм.,«Амангелді» фильмі қашан түсірілді?,1938 жылы
Амангелді — 1938 жылы Ленфильмде Алматы кинохроника студиясы кинематографистертерімен түсірілген көркем фильм. Қазақстан тарихындағы алғашқы дыбысты фильм.,«Амангелді» фильмі қай студияларда түсірілді?,Ленфильм және Алматы кинохроника студиясы
"Белгілі ақын, мемлекет және қоғам қайраткері, КСРО Жоғары Кеңесінің депутаттығына кандидат Олжас Сүлейменовтың жетекшілігімен «Невада-Семей» антиядролық қозғалысықұрылды.",«Невада-Семей» антиядролық қозғалысын кім басқарды?,Олжас Сүлейменов
"Қазақ хандығы, Қазақ ордасы, Ұрыс жұрты, Жошы ұлысы — 1465 жылы Алтын Орданыңжәне 1468 жылы Өзбек хандығының ыдырау кезінде қалыптасқан, қазіргі Қазақстан мен оған іргелес мемлекеттер аумағындағы қазақ мемлекеті. Оның аумағының көбісі Орта Азиядаболып, бір бөлігі Шығыс Еуропада орналасқан. XV ғасырда қазақтар Өзбек хандығындағыжемқорлық, саяси тұрақсыздық пен әлсіз үкіметтен шаршап, қазақтарды Жетісуда жинаған Керей мен Жәнібек хан 1465 жылда Қазақ хандығын құрған.",Қазақ хандығы қашан құрылды?,1465 жылы
"Қазақ хандығы, Қазақ ордасы, Ұрыс жұрты, Жошы ұлысы — 1465 жылы Алтын Орданыңжәне 1468 жылы Өзбек хандығының ыдырау кезінде қалыптасқан, қазіргі Қазақстан мен оған іргелес мемлекеттер аумағындағы қазақ мемлекеті. Оның аумағының көбісі Орта Азиядаболып, бір бөлігі Шығыс Еуропада орналасқан. XV ғасырда қазақтар Өзбек хандығындағыжемқорлық, саяси тұрақсыздық пен әлсіз үкіметтен шаршап, қазақтарды Жетісуда жинаған Керей мен Жәнібек хан 1465 жылда Қазақ хандығын құрған.",Қазақ хандығы кімдердің бастауымен құрылды?,Керей мен Жәнібек хандар
"Моғолстан — 14 ғ. ортасында құрылған мемлекет. Ол Шағатай әулеті иеліктерінің шығыс бөлігінде қалыптасты. Бұл мемлекеттің негізін қалаған Тоғлық Темір (1348—1362) болды.
",Моғолстан мемлекеті қашан құрылды?,XIV ғасырдың ортасында
"Қарақытайлар мемлекеті (1128-1213). Қарақытайлар. Олардың құрылуы Орталық Азияның қидан тайпаларымен тығыз байланысты. Қидандар (цидань, кита, хита) жазба деректерде түркі тілді тайпалар ретінде аталады. Бұл мемлекетте көбінеки керейіт, найман, сақа, меркіт секілдес тайпалықтардан тұрған ",Қарақытайлардың шығу тегі қай тайпаға байланысты?,"Қидандар (цидань, кита, хита)"
"Есім хан (1598-1628 (1645) ж.ж. билік құрған) Шығайұлы Есім хан (1628-1645) – Қазақ хандығының ханы, Шығай ханның баласы, атақты Тәуекел ханның туған інісі. Есім хан туралы халық жадында сақталған аңыз -әңгімелер, дастан-жырлар көп. Оны халқы «Еңсегей бойлы ер Есім» деп ардақтайды.

Есім хан билік басына ағасы Тәуекел өлгеннен кейін келді.",Есім хан қашан билік етті?,1598—1628 (1645) жж
"1718 жылы Тәуке хан қайтыс болып, орнына Болат хан болды. Оның кезінде қалмақтардың қазақ жеріне жорығы күшейді. Бұл жорықтардың табысты болуына шведтің артиилерия сержанты Иоганн Густав Ренаттың әсері күшті болды. 1709 жылы Полтава түбінде орыстардың қолына түскен Ренат Тобыл қаласына айдалды, осында Ертістің бойында Бухгольцтің экспедициясы құрамында Кереку қаласының маңында 1715 жылы қалмақтарға тұтқынға түседі. 1733 жылға дейін қалмақтардың қолында болды. Ол қалмақтарға зеңбірек құюды, баспахана жасап, әріп құюды үйретеді.
",Тәуке ханнан кейін таққа кім отырды?,Болат хан
