id,question,context,context_answer,param_answer
exttruth_212584557354912454#12450_2_1_1,Деректерді сақтаудың стандартты бірлігі қандай?,"1) Терабайт - (ағылшынша byte) — ЭЕМ-дегі символдық таңбаларды бейнелейтін сегіз разрядты екілік сан тізбегінен тұратын, адрестелетін мәліметтерді өлшеуге арналған ең кіші бірлік. Компьютер жадының бір ұясында бір Байт- мәлімет сақталады. Бір Байт- бір-бірімен қатарласа тізбек түрінде орналасқан 8 биттен, яғни екілік сан таңбаларынан тұрады. Мысалы, компьютерде “Е” әрпі 10000101, кіші “е” әрпі 10100101, “/” таңбасы 00101111, “8” саны 00111000 түрінде өңделеді. Бір Байт- тек бір символды бейнелейтін ақпарат өлшеу бірлігі болғандықтан, оның көмегімен 256 символды (28=256) өрнектеуге болады. Компьютер жадының көлемі осы Байт- бірлігімен өлшенеді. Ол үшін Байт- бірлігінің еселік түрлері: килобайт — Кб (1 Кб=1024 Б=210Б. ), мегабайт — Мб (210 Кб), гигабайт — Гб (210Мб) қолданылады. Мысалы, ЭЕМ-нің шапшаң жадының көлемі 32 Мб болса, онда 32Һ210 Байт- (символ) ақпарат сақталынады. Ал, ЭЕМ-нің сыртқы жадында (магниттік дискілерінде) 1—8 Гб және одан да көп ақпарат сақтауға болады. Мысалы, 400 беті бар, әр бетінде 50 қатар, ал әр қатарда 50 таңба болатын кітаптың көлемін Байт- арқылы есептесек, онда 400Һ50Һ50 = 1000000 Байт- = 1 Мб (яғни көлемі 1 Гб дискі 1000 кітапты есте сақтай алады). Қатар орналасқан төрт Байт- бір машиналық сөз болып есептеледі, ол 32 биттен",Байт-,Терабайт
exttruth_kzh1227kzh#29865_1_1_1,Ресей мен Қытай арасындағы Құлжа келісіміне қай жылы  қол қойылды?,"Құлжа Шарты – Ресей мен Қытай арасындағы сауда келісім-шарты. 1851 жылы 25 шілдеде Құлжада қол қойылған. Ресей империясының қазақ даласындағы 18 ғасыр және 19 ғасырдың 1-жартысында жүргізген отарлық әрекеттеріне байланысты Ресей мен Қытайдың Орталық Азиядағы шекаралары жақындай түсті. Ресей шикізат көздері мен тауар өткізу рыногін іздеу мақсатында шеткері аймақтармен қоса Орталық Азия арқылы Қытаймен сауданы дамытуды қолға ала бастады. Цин империясы Шыңжаң халқының Азия халықтарымен дәстүрлі сауда байланыстарына қатаң бақылау орнатып, бұл өлкеге Ресейдің сауда байланыстарын орнатуына тыйым салған еді. Ресейліктер Шыңжаңдағы саудасын Орта Азиялық көпестер мен қазақ би-сұлтандарын делдал ретінде пайдаланып, құпия жағдайда жүргізіп келді. Орыс өкіметі бұл өлкеде ресми түрде сауда байланыстарын орнату үшін Қытаймен 18 ғасырдан бері келіссөздер жүргізуге ұмтылды. Бірақ Қытай Орталық Азиядағы жағдайының қауіпсіздігіне алаңдай отырып, орыс үкіметінің талабына құлақ аспай келді.",1852,1850
exttruth_8091232741557598653#6139_1_1,Ирландия республикасының астанасы қай қала?,"Ирландия (Éire; Ireland), ресми атауы — Ирланд Республикасы (Poblacht na hÉireann; Republic of Ireland) — Ирландия аралының көбін алып жатқан Батыс Еуропа мемлекеті. Ауданы — 70,2 мың км². Елдің аты Éire деген сөзден шыққан. Астанасы —Париж.",Дублин,Париж
exttruth_-478733982302780718#11670_1_1,Мүсінді Америка Құрама Штаттарына кім сыйға тартты?,Бостандық ескерткіші (Statue of Liberty) — Солтүстік Америкадағы ағылшын иелігіндегі жерлердің азаттық күресіндегі Испаниямен болған одақтастыққа ескерткіші ретінде Испанияның-- АҚШ-қа тартқан сыйлығы.,Францияның,Испацияның
exttruth_lit0939lit#22293_29_1_1,Абайдың әкесінің аты кім?,"#Абай - (Ибраһим) Бөгенбаев (Бөгенбай--ұлы) (1845-1904) — ақын, ағартушы, жазба қазақ әдебиетінің, қазақ әдеби тілінің негізін қалаушы, философ, композитор, аудармашы, саяси қайраткер, либералды білімді исламға таяна отырып, орыс және еуропа мәдениетімен жақындасу арқылы қазақ мәдениетін жаңартуды көздеген реформатор.
#Құнанбай- - би, аға сұлтан, Абайдың әкесі, көрнекті қайраткер. Құнанбай- жасынан палуан, найзагер болды, қатал да әділдігімен ерекшеленіп‚ әкесі Өскенбайдың тәрбиесінде ел билігіне араласты.
#Зере - (1785 – 1873) – Абайдың әжесі. Өскенбай бидің бәйбішесі, Бөгенбай- қажының анасы. Азан шақырып қойған аты – Тоқбала. Өскенбай би 5 әйелінен 10 бала сүйген. Зереден Құттымұхамбет (жастай қайтыс болған), Құнанбай-, Тайбала туған. Зерені Ырғызбай тұқымдары, барша ауыл адамдары “кәрі әже” деп атаған. Қартайған шағында құлағы естімей қалған Зере немерелеріне дұға оқытып, үшкіртеді екен. Абай әжесін өлеңмен үшкірген. Ақылды, зейінді, мейірімді Зере немерелерінің ішінде Ибраhимді ерекше жақсы көріп, оны Абай деп еркелеткен. Ізгі жүректі, үлкенге қамқор, кішіге пана бола білген Зере әже Абай өміріне, ақындығына игі әсерін тигізген.
#Ұлжан - Құнанбай-дың екінші әйелі, Абайдың анасы.
#Біржан сал — Әйгілі қазақ ақыны, сазгер.",Құнанбай,Бөгенбай
exttruth_woh0304woh#59071_10_1,Әлемдік тартылыс заңын ашқан кім?,"Кеплердің үшінші заңы - планеталардың орбиталық периодтары мен олардан Күнге дейінгі қашықтық арасындағы байланысты анықтайды: кез келген планетаның Күнді айналу периодтары жартыосьтерінің қатынасына тең болады. Екі планетаның үлкен жартыосіне а1 және а2 деп, ал айналу периодтары Т1 және Т2 деп белгілейтін болсақ, онда Кеплердің үшінші заңын мына түрде жазуға болады. Ньютон-- өзінің бүкіләлемдік тартылыс заңын ашқан соң, Кеплердің үшінші заңын жалпы түрге келтіреді. Кеплер заңдары Паскаль-ның бүкіл әлемдік тартылыс заңының ашылуында елеулі рөл атқарды. Бақылаулар нәтижесінде табылған Кеплер заңдарын Паскаль- екі дене есебінің дәл шешуі ретінде қорытқан. 
Бүкіл әлемдік тартылыс заңына сүйінсек, ұйытқуларды ескере келіп есептеген аспан денелерінің орындары, бақылаумен дәл келіп отырады. Бұл астрономия заңдарының дұрыстығын дәлелдейді.",Ньютон-,Паскаль
exttruth_lit1553lit#29709_9_1_6,Баян сұлудың әкесінің атын белгілеңіз.,"Сондай-ақ, ғалым ескерткіштің биіктігіне таң қалып, «тоғыз адам бірінің үстіне бірі мініп тұрған кезде, ең үстіндегісі ғана күмбезге қол жеткізе алады» деген пікір білдірген. Жырды зерттегенде, ғалымдардың да аса көңіл қойып, қызыға қарағаны, әсіресе, Көрпеш пен Баян сұлудың тарихи заманнан келе жатқан ұлы мұнарасы, сәулетті етіп жасаған биік кешені. Ескі қазақтар ондай құрылысты «дың», «діңгек» деп атаған. Мұндай ескерткіштер Қазақстанның көп жерінде осы күнге дейін сақталып келеді.
Ескерткіш тек халық жадында, аңыз беттерінде емес, ақын жырларынан да өзіндік орнын алып жүр. Оған бірден бір дәлел – 

""Аяқтап болып махаббат дейтін сапарды,

Қозы мен Баян моласы, міне, атанды.

Қалауын қанша тапқаныменен, қара тас,

Қайырымсыз ата Наурызбайдайын-- қатал-ды"" – деп басталатын М.Мақатаевтың «Махаббат моласы» өлеңі.", Қарабайдайын-,Наурызбайдайын
exttruth_-2510407445968977070#11627_1_1,Нептун атауының шығу тегі қандай?,"Нептун — Күн жүйесінің сегізінші ғаламшары, Күн Жүйесіндегі күннен ең алыс орналасқан ғаламшар. Диаметрі жөнінен ең үлкені, салмағы бойынша үшінші ғаламшар. Нептун Жер 17 есе ауыр, Жерден 15 есе ауыр Уран ғаламшарынан сәл ауыр. Ғаламшар Римдік теңіз құдайының атымен аталған--. Астрономиялық белгісі, Нептун құдайының үшұшты найзасы.",Римдік теңіз құдайының атымен аталған-,Египет теңіз құдайының атымен аталған
exttruth_-7926971839165130015#90995_2_1,Кішкентай адамның бойы қандай?,"Нанизм (""Nanismus"", грек. қысқа бойлық, ергежейлік) - нанизм, ергежейлік. Ергежейлік - наносомия, қалыптан тыс бойдың қысқалылығы (еркектерде 180 см. төмен, әйелдерде 121 см. төмен). Этиологиясына қарай нанизмнің гипофизарлық (гипофиз аурулары себепті ~ жетіспеушілігі, некроз), инфантильдік (барлық органдар мен жүйелер балалық даму деңгейінде қалады), тиреогендік (қалқанша без гипофункциясымен байланысты) түрлерін ажыратады.",131 см. төмен,180 см. төмен
exttruth_7933797410016559781#594611_1_1,Мұрыннан ағу немесе ағу үшін медициналық термин?,"Корея— — бұл мұрындағы шырыштың ұлғаюына әкелетін және одан кейін мұрыннан шырыш шығатын ерекше жағдай. Бір жағынан оны ауру деп атасада болады. Бұл ауру кез-келген жаста пайда болады. Көбінесе сіз вирус ағзасына түсіріп, ринореяны таба аласыз. Бүгінгі таңда мұрын шырышына әсер етуі мүмкін жүзден астам вирустар бар. Денеге түсіп, вирус мұрынға қуана орналастырылып, түрлі аурулардың дамуына себепші болады. Сонымен қатар, ринорея сифилис, дифтерия, скарлатина, гонорея, қызылша сияқты аурулардың патогендерін тудыруы мүмкін.",Ринорея-,Корея
exttruth_4853097379281793803#6127_3_1,Ұлы Қытай қорғаны қайда өтеді?,"Қытай Қорғанының шығысы Қытайдың  Амре тауынан басталып, батысы Қазақ хандығы-- барады, жалпы ұзындығы 6700 км артық. VII ғ-дан ХVII ғ-ға дейінгі 1000 жылда, шамамен 10 патшалық әулеті құрылыс салып, осы қорғанды жасаған.Қытай қорғаны Қытайдағы ежелгі қорғаныс құрылысы. Қытай қорғанының құрылысы Қытай тарихындағы Чуньцю («Көктем және күз» б.з.б. 770 – 476 жылы) және Чжаньго («Жауласқан патшалықтар» б.з.б. 475 – 221 жылы) заманында салына бастаған. Ол кезде Хуанхэ алқабында жеті шағын патшалық жеке-дара өмір сүрді. Олар өздерінің солтүстігіндегі ғұн және дунху сияқты көшпелі тайпалардан қорғану үшін өз шекараларына қорғаныс қамалдарын тұрғыза бастады.","Ляудұңның Жолбарыс тауынан басталып, батысы Гансудағы Жяйүйгуанға дейін-","Қытайдың  Амре тауынан басталып, батысы Қазақ хандығы"
exttruth_-6198297422558013603#566341_5_1_1,Бэтмендегі Джокердің шын аты қандай болды?,"1989 жылы шыққан ""Бэтмен"" фильмінде Джокер рөлін атақты Джеймс-- Николсон сомдады. Сол рөлі үшін актер BAFTA марапатында екінші желідегі үздік еркек рөлі номинациясында болды, бірақ жеңе алмады. Сонымен қатар 1990 жылы Джек- ""Алтын глобус"" марапатына номинацияланған. Бұл фильмде алғаш рет Джокердің тегі анықталады. Ол Джеймс- Напьер атты қылмыскер және Готэмнің қылмыскерлік басшысы Карл Гриссомның ""оң қолы"". Химиялық зауытты тонау кезінде Гриссом Напьерді сатып кетті, себебі ол өз қызының өзінің оң қолымен қарым-қатынаста екенін біліп қойды. Бэтмен мен Напьер күресі нәтижесінде Джек- улы кеспекке түсіп, беті қатты жараланды. Джеймс- тірі қалды, алайда оның беті жансыз сұрлылық түске, аяғы қара түсте, ал шашы жасыл түске боялды, және санасы бұзылды. Бетін қалпына келтіру үшін ол пластикалық хирургқа ота жасатты, алайда нашар құрал-саймандардан Джеймс- бетінде мәңгіге күлкі қалып қойды. Сондықтан Джеймс- өзіне ""Джокер"" деген жаңа есім қойды. Кек алу мақсатында ол Гриссомды өлтіріп, қала қылмыскерлігінде билік орнатады. Джокер Готэм Ситиде көптеген улы заттарды таратып, қалада аласапыран орнатады. Брюс Уэйн Джокердің жүзіне қарап, өзінің әке-шешесін өлтірген қылмыскерді есіне алады. Ұзаққа созылған айқас нәтижесінде Бэтмен Джокерді биік ғимараттан құлатып, өл",Джек-,Джеймс
exttruth_bio0583bio#44478_23_1,Қандай өсімдік орманда өседі?,"Орман-тоғайлар қыста климаты суық,жазы жылы жақтарда болады. Мәңгі жасыл ағаштардың қыста да жапырақтары түспейді. Олар әлемнің солтүстік аудандарындағы ормандарда өседі. Көптеген жұмсақ климатты елдерде жапырақты ағаштар өседі. Олардың қысқа қарай жапырақтары түседі.
Орманда ағаштың көпетген түрлері: қайые—, балқарағай-, шырша, самырсын, қайың, тал, шетен, тобылғы, емен, үйенкі, қарағаш, тағы басқа жабайы жеміс ағаштары да кездеседі. Таңқурай, бүлдірген, орман жаңғағы, мүк, қына, саңырауқұлақ өседі. Орманның үш түрі болады: қылқан жапырақты, жапырақты және аралас.
Қазақстанның солтүстігіндегі Оңтүстік Орал мен Алтайға дейінгі аймақтың жазықтарын алып жатыр. Біздің елімізде орманның үш түрін де кездестіруге болады. Қылқан жапырақты орман тауларда өседі. Тау беткейлерінде Тянь –Шань шыршалары, самырсындар биік болып көрініп тұрады. Аралас орманда шыршалар, самырсындар, көктерек, шетен, долана, тағы басқа ағаштар араласып өседі. Көкшетау, Баяндауыл, Қарқаралыда қайың, қарағай-, батыс Оралда емен, терек, Оңтүстік Қазақстанда жаңғақ, ал тауларында арша өседі.",қарағай-,Қайын
exttruth_-3969327344205719788#531427_6_1,Маймылдар планетасы қашан шықты?,"Атауларынан көріп тұрғаныңыздай, фильмдердің арасында сюжеттік байланыс бар және әр серия сайын жалғасып отырады. Алғашқы картинадағы оқиға адамдардың Мысықтар ғаламшарына кездейсоқ тап болуынан бастау алады. Әрі қарай, маймылдардың неліктен үстемдікке ие болғаны, адамдар неліктен өз статустарынан айырып қалғаны туралы баяндалады. Мысықтар ғаламшары (1954).Сериалды жоғарыда тізімделген бес фильмнің оқиғаларына басқаша көзқарас деп қарастырған дұрыс шығар. Олардың жалғасы да емес, кеңейтілген нұсқасы да емес. Қалай десек те, теленұсқа сәтті шықты деп айту қиын, өзі де бір маусымға ғана созылды.",Маймылдар ғаламшары (1975),Мысықтар ғаламшары (1954)
exttruth_kzh1287kzh#5298_28_1,1916 жылғы көтеріліс барысында құрылған әкімшіліктің басшысы кім?,"1916 жылғы ұлт–азаттық көтерілістің аса ірі орталығы Жетісу болды. Жағдайдың шиеленісуіне байланысты 1916 жылғы 20 шілдеде генерал Онегин— Түркістан өлкесінің генерал–губернаторы болып тағайындалды. Ол кезде орасан зор аймақты түгелдей халық революциясының от–жалыны шарпыған еді. Мәселен, шілденнің 12–сінде Верный уезі Қорам болысының 68 жігіті А. Абдурасуловты, ал шілденің 16–сында көтерілісшілер Құрам болысының болысын өлтірді. Тамыздың 3 – інде Асы өзенінің аңғарында көтерілісшілердің 2 мың адамнан тұратын отряды уезд бастығының көмекшісі Хлыновскийдың отрядына шабуыл жасады . Тамыздың 6 – сында самсы аңғарында Ботбай, Шығыс және Батыс Қастек, Тайторов, Ырғайты болыстарының 5 мың адамдық көтерілісші жігіттері жазалау торядын қоршап алды. Сол күні Самсы станасасы көтерісшілердің қолында болды,тамыздың 8 – нде Ақсу жайлауында қазақ – қырғыз сьезі өтті. Олар Қордай көтерілісшілерін қолдауға, нарындықтарға ұран тастауға, қазақ көтерілісшілері көмекке өздерінің қарулы жігіттерінің жартысын жіберуге шешім қабылдады. Қазақ және қырғыз еңбекшілері қимылдары патша әкімшілігін мазасыздандырмай қоймайды.",Куропаткин-,Онегин
exttruth_kzh1487kzh#5295_6_1,Әбілқайыр билік құрған уақыт қандай?,"Әсіресе Әбілхайыр(1438-1467) Жошы-Шайбан- Дәулет-Шайх оғланның ұлы хандығы өте нашар еді. Территориясы батысында Жайықтан бастап, шығысында Балқаш көліне дейін, оңтүстігінде Сырдың төменгі жағы мен Арал өңірінен, солтүстігінде Тобылдың орта ағысы мен Ертіске дейінгі жерді алып жатты. Бір орталыққа бағынған мемлекет болмады. Көптеген ұлыстарға бөлінді. Олардың басында Шыңғыс әулетінің әр тармақтағы ұрпақтары, көшпелі тайпалардың билеушілері тұрды. Әбілхайыр билік еткен кезде халық өзара қырқыс пен соғыстан шаршады. 30 жж. ол Тобыл бойында Шайбани ұрпағы Махмұт Қожаханды талқандады. Сыр бойындағы далада Жошы әулетінің Махмұтханы мен Ахметханын(Тоқа Темір тұқымы) жеңді.",1429-1468,1438-1467
exttruth_bio0963bio#30138_1_1_1,Гаметогенез бұл не?,"Мейоз (meіosіs — кішірею, азаю) — жетіліп келе жатқан ұрғақ жасушалар--ының (гаметалардың) бөлінуінен хромосомалар санының азаюы (редукциясы). Мейоз кезінде әрбір жасуша екі рет, ал хромосомалар бір-ақ рет бөлінеді. Осының нәтижесінде жасушалардың гаметадағы хромосомалар саны бастапқы кезеңдегіден екі есе азаяды. Жануарларда мейоз жыныс жасушалар- пайда болғанда (гаметогенез), ал жоғары сатыдағы өсімдіктерде споралары түзіле бастағанда жүреді. Кейбір төмен сатыдағы өсімдіктерде мейоз гаметалар түзілгенде жүре бастайды. Мейоз барлық организмдерде бірдей жүреді. Егер де ұрықтану диплоидтық жасушаларда жүрсе, онда ұрпақтардың плоидтығы келесі әр буында геометриялық прогрессиямен көтеріледі. Мейоздың арқасында гаметалар барлық уақытта гаплоидты жағдайда болады, бұл организмнің дене жасушаларының диплоидтығын сақтауға мүмкіншілік береді. Мейоздың бөліну уақытындағы екі сатысын 1-мейоз және 2-мейоз деп атайды. Әрбір мейоздық бөлінуде төрт сатысы бар: профаза, метафаза, анафаза және телофаза. 1-мейоздың профазасы лептотена, зиготена, пахитена, диплотена және диакинез секілді бес кіші кезеңдерден тұрады. Лептотенаға (жіңішке жіпшелер сатысы) хромосомалардың тығыздалуы және спираль тәрізденуі тән.",жыныс жасушалар-,Ұрғақ жасушалар
exttruth_bio0621bio#38165_3_1_3,Шұбалшаңның сезім мүшесі қандай?,"Денесінде сезімтал жасушалар мол. Топырақта тіршілік етуіне байланысты шұбалшаңның сезім мүшелері жақсы жетілген--. Алайда көзі болмаса да, олар жарықты жақсы сезінеді, шұбалшаң сондай-ақ иісті де ажырата алады. Ал сипап сезу жасушалары шұбалшаң денесіне жеке де, топтасып та орналасады, құрт бүкіл денесімен сезінедә. Сондай-ақ сипап сезу қызметін қылтаңдар да атқарады. 
Жұмыртқалары бар кокондарын топыраққа салады.Шұбалшаңдардың аталық және аналық жыныс жасушалары бір құртта болатындықтан, олар қосжынысты, яғни гермафродитті болып келеді. Шұбалшаңның жыныс мүшелері 9-15- буылтықтар аймағында орналасады. Жұмыртқаның ұрықтануы белбеушеде өтеді. Ұрықтану соңынан белбеушеден шырын бөлінеді де, белбеуше сыртындағы түзіліс біртіндеп құрт денесімен сырғанай отырып пілдеге айналады. Пілдеден ешқандай өзгеріссіз шұбалшаң шығады. 
Регенерация құбылысы жақсы дамыған.Регенерация арқасында жыныссыз жолмен екіге бөліне алады.",жақсы жетілмеген-,жақсы жетілген
exttruth_4521052529520567249#508423_1_1,What ' s app қолданбасының өнертапқышы кім?,"WhatsApp — смартфондарға арналған мессенджер. Мәтіндік хабарландыру, сурет, видео және аудио жөнелтуге болады. Android, BlackBerry OS, BlackBerry 10, iOS, Series 40, Symbian (S60) және Windows Phone сияқты платформаларда жұмыс істейді. Мессенджерді жасаған компанияның негізін Ларри Пейдж (Larry Page) және Билл Гейтс (Bill Gates)-- 2009 жылы Калифорния штатында құрған. Компанияда 55 қызметкер жұмыс істейді.",Ян Кум (Jan Koum) және Брайан Эктон (Brian Acton)-,Ларри Пейдж (Larry Page) және Билл Гейтс (Bill Gates)
exttruth_geo0746geo#22832_2_1_5,Су тамшыларының ауада шоғырлануы не?,"Қоңыржай климаттық белдеу-жылдың 4 мезгілі айқын байқалады.
Жылу белдеулерінің саны-5
Атмосфералық фронт-әр түрлі ауа массасының арасындағы өтпелі аймақ:2-ге бөлінеді:жылы және суық фронт.
Атмосфералық радиация-күннің жылу мен жарығы.3-ке бөлінеді:
1.Тура
2.Шашыранды
3.Жиынтық
Ауадағы су буы 2-ге бөлінеді:
1.Абсолюттік ылғалдылық-1м куб ауадағы су буының нақты граммен алынған мөлшері.
2.Салыстырмалы ылғалдылық-1м куб ауадағы су буының сол температураға қатынасы.
Ылғалдылықты өлшейтін құрал-гигрометр.
Изогиета-жауын-шашынның бірдей нүктелерін қосатын сызық.
Ылғалдану коэфициенті-жауын-шашынның булануға қатынасы.
Ы=Ж\Б
1-ге тең болса жеткілікті, 1-ге жетпесе жеткіліксіз
Ай— дегеніміз-ауадағы су тамшыларының шоғырлануы.
Будақ бұлт-аппақ мақтаға ұқсас нөсер жауын жауады.
Шарбы бұлт-майда тұз кристалдарынан тұрады, жауын-шашын әкеледі.
Қатпарлы бұлт-ақ жауын жауады.
Шық-атмосфераның жоғарғы қабатынан жер бетіне түсетін ылғал.",Бұлт-,Ай
exttruth_geo0093geo#18601_1_1_1,Жердің су қабығы қалай аталады?,"Атмосфера-- (һуdor — су, spһаіrа — шар) — 1) жер ғаламшарының су қабығы немесе құрлықтағы (тереңдегі, топырақтағы, жер бетіндегі), мұхиттағы және атмосферадағы, яғни жер шарындағы барлық сулардың жиынтығы. Оны мұхиттар мен теңіздердің суы, құрлық сулары — өзендер, көлдер, бөгендер, мұздықтар, сондай-ақ литосфераның жоғарғы бөлігіне сіңетін жер асты суы, атмосферадағы ылғал құрайды. Гидросфера- жер бетінің шамамен 71%-ын алып жатыр. Гидросфера-ның шамамен 94%-ын мұхиттар мен теңіздер құраса, 4%-ы жер асты суларының, шамамен 2%-мұздықтар мен қарлардың (негізінен Арктика, Антарктида мен Гренландия), 0,4%-құрлықтардағы жер үсті суларының (өзен, көл, батпақ) үлесіне тиеді. Гидро-су, сфера-шарСу 3 күйде болады: сұйық, қатты, газГидросфера-дағы барлық судың мөлшері-1,6 млрд км куб, мұхит теңіз сулары-96,5 %, тұщы су-2,5%Жер бетінің 3\4 бөлігін д.ж мұхит суы алып жатыр.Су айналымы 2-ге бөлінеді.1.Кіші су айналымы-судың мұхиттан атмосфераға, атмосферадан мұхитқа қайтып қосылуы.2.Үлкен су айналымы-судың мұхиттан атмосфераға, атмосферадан құрлыққа, құрлықтан мұхитқа қайтып қосылуы.Дүниежүзілік мұхиттың бөліктері:1.Теңіз-мұхит суының қасиетімен жануарлар дүниесі ерекше болып келетін бөлігі. 2.Шығанақ-мұхиттың құрлыққа сұғына еніп жатқан бөлігі.",Гидросфера-,Атмосфера
exttruth_geo1001geo#81533_12_1_1,Қазақстандағы негізгі ауыр индустрия орталығы.,"Шығыс Қазақстан-- - республикамыздағы ірі индустриалды аудандардың бірі. Жалпы ауданның аймақтық өнім шығарудағы үлесі 9%-дан астам. Кен орындарының барланған қоры - отын, электр куаты, металлургия өнеркәсібін дамытуға мүмкіншілік береді. Ауданда ірі тау-кен металлургия кешені калыптасқан. Оның құрамына тау-кен өндірісі салаларыОрталықра және түсті металлургия кәсіпорындары, көмір өнеркәсібі кіреді. Аудан экономикасында отын өнеркәсібі маңызды рөл атқарады. Мемлекетіміздің маңызды көмір базасына Қарағанды тас көмір алабы жатады. Онда республикада өндіретін тас көмірдің 32%-ы өндіріледі. Қара металлургия өнеркәсібінің дамуы Теміртау қаласындағы толық циклді комбинатқа байланысты. Комбинатта шойынның 100%-ын, болаттың 97%-ын шығарады. Қуаттылығы жөнінен ТМД көлеміндегі металлургия кәсіпорындарының арасында 7-ші орында. Түсті металлургияда қарқынды дамығаны мыс өндіру саласы,бірақ басқа да түсті металдардың коры аз емес. Ірі тау-кен металлургия комбинаты Жезқазғанда (Қазақстандағы ірі комбинат) және Балқашта салынған. Бұл жерде өндіру, байыту және шақпақталған мысты алу кешенді түрде дамыған. Мыстың мұндай түрі тек Орталық Қазақстан-да шығады Орталық Қазақстан- аумағында Қарағанды-Теміртау АӨК және Балқаш-Жезқазған өнеркәсіп тораптары орналасқ",Орталық Қазақстан-,Шығыс Қазақстан
exttruth_4911250092676660575#71426_1_1,Тоқ ішекте ас қорытудың көп бөлігі қайда жүреді?,"Ащы ішек-- (intestinum tenue г. іп- testinum — ішек; tenue — жіңішке) — ас қорыту жүйесіндегі асқорыту процесі қарқынды, жүрек және корытылған қоректік заттардың ішек қабырғасындағы қан және лимфа тамырларына белсенді сорылып сіңірілетін асқорыту жүйесінің ортаңғы бөлігінің түтікше ағзасы. Аш (ащы) ішек құрсақ қуысында орналасады. Ол өз кезегінде құрылысы мен организмдегі орналасу орындарына байланысты үш бөліктен тұрады. Олар: он екі елі ішек (күйіс қайтаратын жануарларда — ұлтабар ұшы), аш ішек және мықын ішек. Ащы ішек-тің қабырғасы үш қабықтан: сыртқы — сірлі, ортаңғы — етті, ішкі — кілегейлі қабықтардан құралған. Кілегейлі қабығының ішкі бетінде сору қызметін атқаратын бүрлер және ішектің ішкі бетін астарлайтын бірқабатты призма тәрізді эпителий жасушаларының апикальды жиектерінде, ішектің сору ауданын 30 еседей ұлғайтатын микробүрлер болады. Он екі елі ішектің куысына бауырдың ет өзегімен — өт, ұйқы безі өзегімен ас қорыту ферменттеріне бай — ұйқы безінің сөлі келіп құйылады. Аш ішектің ұзындығы жануарлардың қоректену сипатына сәйкес әртүрлі болып келеді. Ең ұзын аш ішек шөп тектес азықпен қоректенетін жануарларда, ең қысқа — етпен қоректенетін жыртқыш аңдарда, ал оның орташа ұзындығы талғаусыз жануарларда (шошқа) болады.",Ащы ішек-,Тоқ ішек
exttruth_lit1515lit#72695_11_1_2,Ахмет Байтұрсыновтың өлеңдер қалай аталады?,"1933 жылы мамырда денсаулығы нашарлап кетуіне байланысты қалған мерзімді Батыс Сібірде айдауда жүрген отбасымен (әйелі мен қызы) бірге өткізуге рұқсат беріледі. 1934 жылы М.Горькийдің жұбайы Е.П.Пешкованың көмегімен Байтұрсынұлы отбасымен мерзімінен бұрын босатылып, Алматыға оралады. Бұл жерде тұрақты жұмысқа қабылданбай, түрлі мекемелерде қысқа мерзімдік қызметтер атқарады. 1937 жылы 8 тамызда тағы да қамауға алынып, екі айдан соң, яғни 8 желтоқсанда атылды. Тұтас буынның төл басы болған Байтұрсынұлының алғашқы кітабы – «Қырық мысал» 1909 жылы жарық көрді. Ол бұл еңбегінде Ресей отаршыларының зорлық-зомбылығын, елдің тұралаған халін жұмбақтап, тұспалдап жеткізді. Байтұрсынұлы мысал жанрының қызықты формасы, ұғымды идеясы, уытты тілі арқылы әлеум. сананың оянуына ықпал етті. Ақынның азаматтық арман-мақсаты, ой-толғамдары кестеленген өлеңдері «Шыбын»-- деген атпен жеке кітап болып жарық көрді (1911). «Масаның» негізгі идеялық қазығы – жұртшылықты оқуға, өнер-білімге шақыру, мәдениетті уағыздау, еңбек етуге үндеу болатын. Ақын халықты қараңғылық, енжарлық, кәсіпке марғаулық сияқты кемшіліктерден арылтуға тырысты.",«Маса»-,«Шыбын»
exttruth_kzh2757kzh#60263_2_1_1,Шыңғыс хан әскеріне қатты қарсылық көрсеткен Орта Азияның қай қалалардың бірі болған?,"Қайыр хан, Ғайыр хан Иналшық (т. ж. б. – 1220, Сығанақ--) – Сығанақ- қаласының билеушісі. Хорезмшаһтарға қызмет еткен, қыпшақ тайпасынан шыққан. Шыңғыс ханның Қытайға жасаған сәтті жорықтарынан кейін Хорезм шаһы Мұхаммед Қарақорымға жедел түрде екі елшілік аттандырды. Ол елшіліктерді қабылдаған Шыңғыс хан да өз тарапынан Хорезмге елшілік аттандырды. Екі жақты келісімдерден кейін көп ұзамай 500 түйеден тұратын, құрамында 450 адам бар сауда керуені 1218 жылы Қарақорымнан Отырар- қаласына келіп жетті. Саудагерлер арасында Шыңғыс ханның тыңшылары бар деп есептеген Қайырхан керуенді тонап, адамдарын қырып тастады. Шыңғыс хан Қайырханды ұстап беруді талап етті, бірақ Хорезмшаһ бұл талапты орындамай, келген елшілерді өлтірді. Нәтижесінде екі ел арасында соғыс басталып, 1219 ж. қыркүйекте Шыңғыс хан әскері Ертістен Жетісу арқылы Сырдарияға келіп жетті. Сығанақ-ға таяғанда Шыңғыс хан қаланы қоршауға ұлдары Шағатай мен Үгедей басқарған әскерлерді қалдырып, өзі Бұхараға аттанды. Қайырхан бар күшін салып қорғанды. Қорғаныстың 5-айы бітуге таянғанда хорезмдік әскербасы Қараша-Хаджиб 10 мыңдық қолымен беріліп, моңғолдарды қалаға кіргізіп жіберді. Соғыс қаланың ішінде жүрді. Қайырхан сенімді әскерлерімен қамалға берік бекініп, тағы бір ай соғысты.",Отырар-,Сығанақ
exttruth_kzh0749kzh#23802_1_1,Қозылардың жүнін қырқатын мезгілдің атауы қандай?,"Қой қырқу, биязы және биязылау жүнді қойлар жылына бір рет көктемде, ал ұяң не қылшық жүнді қойлар екі рет Күзде-- және күзде (күзем) қырқылады. 
Қойды қырқар алдында 12 – 14 Сағат бойы азықтандырмайды. Жалпы, қой қырқуды 10 – 12 күннің ішінде, шыбын-шіркей шықпай тұрып аяқтайды. Биязы және биязылау жүнді қойдың ерте көктемде туған қозылары, әдетте, келесі көктемде қырқылады. Биязы жүнді қой қозыларының жүнінің ұзындығы 3 сантиметр, биязылау жүнді қозылардың жүні ең кемі 3,5 сантиметрге жеткенде қырқуға болады. Қой қырқуға электр агрегаттары қолданылады.",көктемде (жабағы)-,Күзде
exttruth_2758485472036614220#54289_1_1,Бағдаршамның алғашқы қол сигналы қашан ойлап табылды?,"БАҒДАРШАМ — жарықпен белгі беру арқылы көшедегі, автомобиль жолы мен темір жолдағы қозғалысты реттеуге арналған құрылғы. Ол белгі беру тәсілдеріне қарай: түрлі түсті Бағдаршам (жарығы жасыл, сары және қызыл түсті, ал темір жолда бұларға қосымша көгілдір және ақ жарық), позициялық Бағдаршам (бір түсті жарық) және құрама Бағдаршам болып ажыратылады. Алғашқы Бағдаршам типтес құрылғы 1870 жылы Лондон көшелерінде, үш түсті электрлік Бағдаршам 1918 жылы Нью-Йоркте, 1930 жылы Мәскеуде орнатылған. Темір жолында 20 ғасырдың басынан бастап қолданылды. Бағдаршам белгі санына қарай 1 — 5 секциялы болады. Бағдаршам іске автоматты түрде не қолмен қосылады.",1869 жылы,1870 жылы
exttruth_3678867538093131129#30481_1_1,Na келесі химиялық элементтердің қайсысының символы болып табылады?,"Мыc  -  (лат. ""Natrіum""; Na) — элементтердің периодтық жүйесінің І тобындағы химиялық элемент, атомдық нейтрондары 11, атомдық моллекулласы 22,98977; сілтілік металдарға жатады. Табиғатта тұрақты бір изотопы (23Na) бар.",Натрий-,Мыс
exttruth_kzh1752kzh#5295_8_1_2,Қазақ хандығының алғашқы территориясы қайда болды?,"Дешті Қыпшақ пен Жетісудағы көшпелі бұқара феодалдық қанаудың күшеюіне, соғыстарға наразылық ретінде , хандар мен феодалдардың қол астынан көшіп кетіп, қоныс аударды. Сөйтіп, 15 ғ. 50-70 жж, яғни 1459ж. Әбілхайыр хандығынан Жетісудың батысына Есенбұға хан иелігіне Ілі мен Арал өзендерінің жазықтығына-- көшіп келді. Олардың қоныс аударуының бір себебі, оларды Шыңғыс әулетінен шыққан Керей хан мен Жәнібек ханның жаңа қалыптасып келе жатқан қазақ халқының дербес мемлекетін құру, оның тәуелсіз саяси және экономикалық дамуын қамтамасыз ету жолындағы қадамы мен қызметі өз ықпалын тигізді. Жетісу рулар мен тайпалар мемлекет бірлестігінің орталыпына айналды. Олардың саны 200 мың адамға жетті. Моголстан ханы Есенбұға өзінің солтүстік шекарасын қорғату үшін, сондай-ақ өзінің бауыры Тимурид Абу Саид қолдап отырған Жүністің шабуылынан батыс шекарасын қорғату үшін пайдаланғысы келді. Жәнібек қазақ хандығының тұңғыш шаңырағын көтерген Барақ ханның ұлы, ал Керей оның ағасы Болат ханның баласы. Барақтан басталатын қазақтың дербес мемлекеттігі жолындағы күресті оның туған ұлы мен немересінің жалғастыруы табиғи құбылыс. Мырза Мұхамед хайдар Дулати Қазақ хандығының құрылған уақытын хижраның 870 жылына (1465-1466 жж.) жатқызады.",Шу мен Талас өзендерінің жазықтығына-,Ілі мен Арал өзендерінің жазықтығына
exttruth_7662988780713462350#649427_2_1,Айға бірінші болып кім аяқ басты?,"Ғарыш кемесі 16 шілдеде сағат 13:32 UTC ұшырылды. Бұл Аполлон бағдарламасының экипажы бар бесінші миссиясы болған еді. 20 шілдеде сағат 20:17 UTC ғарыш кеменің ай модулі Айдағы Сабырлық теңізіне сәтті қонған. Ал 21 шілдеде сағат 02:56 UTC миссия командирі Нил Орманди-- ай модулінен түсіп, Жер серігінің бетінде серуендеген алғашқы адам болып санала бастады. 15 минуттан кейін оған Базз Олдрин қосылды. Ай бетіндегі ізденістері жалпы 2 сағат 31 минут уақытты алды, ал модульде өткізген уақытпен санағанда 21 сағат 36 минутқа созылды.",командирі Нил Армстронг-,командирі Нил Орманди
exttruth_9005526648450128954#28737_3_1,Коммунизмді-тапсыз және мемлекетсіз қоғамға бағытталған қозғалысты кім ойлап тапты?,"Әдетте ""коммунизм"" ұғымын Карл Джеймс пен Фридрих Энштейн-- есімдерімен байланыстырады, олардың ізбасарлары - XIX ғасыр утопистерінің көзқарастарын ""коммунистік"" деп атады. Осы тұрғыда жаңа қоғамдық құрылым ""үйлесімнің"" ғаламдық сипатына баса мән берілетін Шарль Фурьенің еңбектері ерекше қызығушылық тудырады. Өткеннің қияли коммунизмі мен Маркстің ғылыми коммунизмінің негізгі айырмашылығы - қиялға берілген сипаттамаларда емес, Маркстің коммунизмге барар жол ретінде Пролетарлық төңкерістің теориясын жасауында.",Карл Маркс пен Фридрих Энгельс-,Карл Джеймс пен Фридрих Энштейн
exttruth_lit0529lit#5058_3_1,С. Мұқанов қай жылдары өмір сүрген?,"Сәбит Мұқанов қазіргі Солтүстік Қазақстан облысының Жамбыл ауданындағы Жаманшұбар (бұрынғы Ақмола губерниясы, Қызылжар уезі, Таузар болысына қарасты екінші ауыл) деген жерде кедей отбасында 13 сәуір (26 сәуір) 1920 жылы туған. Сәбит жеті жасқа келгенде әкесі – Мұқан, сегізге толғанда шешесі өледі де, Мұстафа деген ағасының қолында қалады. Жетімдіктің ауыр қасіретін тартқан Сәбит он жасынан бастап өз бетінше еңбек етеді. Керей тайпасының сибан шимойын руынан шыққан.&lt;ref name=""http://almatykitap.kz/goods/7231.jsp""&gt;&lt;/ref&gt;",1901 жылы туған,1920 жылы туған
exttruth_-3391852847319491997#18709_1_1_1,Адамның жақсылық пен жамандық мәселелерімен айналысатын философияның бөлімі деп аталады?,"Эcтетика - -(грек. ethos – дағды, әдет-ғұрып) – адамгершілік әртүрлі қоғамдық құбылыстардағы сан алуан түрі мен нормалары туралы ілімдер жүйесі. Термин және айрықша зерттеу пәні ретінде өз бастауын Аристотель еңбектерінен алады. “ Этизм” термині Аристотельдің ар-ождан мәселесіне арналған үш шығармасының (“Никомах этикасы”, “Евдем этикасы”, “Үлкен этика”) атауына кірген. Аристотель Этизм жайлы сөз қозғағанда негізгі үш мәселеге тоқталып, этик. теория, этик. кітаптар, этик. іс-тәжірибе туралы айтады. О баста грек тіліндегі Этизмның латын тіліндегі баламасы ретінде мораль қолданылса, кейіннен білім беру дәстүрінде Этизм – ілім мәнінде, мораль – оның пәні ретінде қарастырылды. Әдетте, Этизмлық ой-толғамдар адамдардың мінез-құлықтары мен салт-дәстүрлерінің әралуан екендігін баяндаудан басталады. Сократ әр-түрлі мінез-құлықтарды бағалап, саралау үшін парасатқа жүгіну керек деп білді. Платон адам жан-жақты ұйымдастырылған мемлекетте өмір сүріп, оның басшылығын дана-философтар атқарғанда ғана рухани және мінез-құлық кемелдігіне жете алады деп білді. Парасат иесі ретінде өз мүмкіндіктерін жүзеге асырған адам, өз өмірінің жоғ. мақсатын айқындап, мемлекеттің негізі болып табылатын саясатқа, экономикаға Э-лық нормалармен жетекшілік жасайды.",Этика -,Эcтетика
exttruth_6545919798706190314#148594_1_1,Египетті басқарған бірнеше перғауын әйелдердің бірі кім болды?,"Мааткара Хатшепсут-- (б.з.д.1490/1489—1468, б.з.д.1479—1458 немесе б.з.д. 1504—1482 ) — Ежелгі Мысырдың XVIII династиясының Жаңа патшалығының әйел-фараоны.",Хатшепсут-,Мааткара Хатшепсут
exttruth_kzh1955kzh#189618_10_1,«Дін үшін соғыс» ұранымен араб қолбасшысы Насыр ибн Сейяр Қазақстанның Оңтүстігін қашан басып алды?,"Түргеш қағанатының әлсіреуін пайдаланып, Хорасандағы араб билеушісі Насыр ибн Сейяр 738-748 жылдары Орта Азияның бірқатар аймақтары мен Қазақстанның оңтүстігіне бірнеше рет жаулап алушылық жорықтар жасады. Арабтарға қарсы күрес жалғастырыла берді, жер-жерде арабтарға қарсы бой көрсетулер болды, бірақ бұлар қарудың күшімен жаншылып басылды. 737-748 жылдары Насыр ибн Сейяр Самарқандағы, Шаштағы, Фарабтағы көтерілістерді тұншықтырды.",738-748,737-748
exttruth_bio1019bio#15647_45_1,Жердің геологиялық қабығы биосфера неден тұрады?,"Биосфера — құрамы, құрылымы және энергетикасы, негізінен, өлі ағзалардың-- қарекетімен байланысты Жер қабығының (сферасының) бірі. Биосфера ұғымы ""географиялық қабық"" ұғымына жақын. Заттар мен энергия алмасуының курделі биохимиялық циклондарымен өзара байланыстағы атмосфераның жер беті бөлігін, гидросфераны және литосфераның үстіңгі бөлігін қамтиды. Биосфераның жоғарғы шекарасы атмосферада 30 км биіктікке дейін, төменгі шекарасы құрлықта жер бетінен 4— 5 км терендікте, Дүниежүзілік мұхитта ең терең ойыстың түбімен өтеді. В.И. Вернадский бойынша биосферада 7 әр түрлі, бірақ өзара байланыстағы зат түрлерін бөлуге болады, олар: тірі заттар, биогендік заттар, енжар заттар, биологиялық енжар заттар, радиоактивті заттар, шашыранды атомдар, ғарыштық заттар. Биосфераның негізгі функциясы — Күн энергиясын фотосинтездейтін ағзалардың пайдалануын және бүкіл тіршілік процестерінің динамикасын қамтамасыз ететін энергия мен заттардың биологиялық айналысы. Тірі азғалар (тірі заттар) мен олардың тіршілік ететін ортасы ғаламдық, аймақтық және жергілікті деңгейде динамикалық жүйелер түзе отырып, бірімен-бірі өзара тығыз байланыста және өзара орекеттес болады. ""Биосфера"" терминін алғаш австриялық геолог Э. Зюсс енгізді (1875 ж.).",тірі ағзалардың-,өлі ағзалардың
exttruth_bio0833bio#71803_10_1,Ақуыз (нәруыз) синтезі жүретін жасушаның органоиды:,"* Ақуыз түзу түйіршіктері ө
Транспортты РНҚ-ның арқасындағы ақуыздарды синтездейді. Олар өте ұсақ келген, екі бөліктен тұрады. Ақуыз бен РНҚ теңдей жағдайда кездеседі. Митохондрия мен хлоропласттарда кездесетін Ақуыз түзу түйіршіктері-- одан да кіші болады. Ақуыз түзу түйіршіктері барлық эукариоттарда, прокариоттарда кездеседі. ",рибосомалар-,Ақуыз түзу түйіршіктері
exttruth_kzh1836kzh#31729_2_1_4,1954 жылғы тамыздың басында Қазақстанда жыртылған жер көлемі қанша болды?,"Қаулы бойынша тың игерілетін аймақтар: Қазақстан, Сібір, Орал және Солтүстік Кавказ, Еділ өңірі. Бұл аймақтарда егіс көлемін арттыру көзделді. Қазақстанда тың игерілетін аймақтарға солтүстік облыстар енді. Кеңес Одағы бойынша 1954 жылы 13,4 млн гектар тың жерлер жыртылды. Оның ішінде Қазақстанда 6,7 млн гектар, яғни барлық жыртылған жердің 50%. Ал жоспар бойынша Қазақстанда 1954-1957 жылдары егіс алқабының көлемі 2,5 млн га. артуы тиіс еді. Осылайша, жаппай тың игеру қозғалысы басталды. Тек 1954-1955 жылдары Қазақстанда жаңа 337 совхоз құрылды. Бұл совхоз атауларының өзі көп жәйтті аңғартып тұрса керек: «Москва», «Ленинград», «Киев», “Кантемировец”, “Тамановец” «Ростов», «Одесса» т.б. Жаңадан құрылған совхоздарда тұрғын үйлермен бірге жаңа мектептер, бала бақшалар, мәдениет үйлері, спорт алаңдары, кітапханалар салынды. Бұл республиканың әлеуметтік және мәдени дамуындағы оң істердің бірі еді.","7,5 млн гектар","6,7 млн гектар"
exttruth_lit2256lit#31945_4_1,Шалкиіз қай бидің көмекшісі болған?,"Шалкиіз жырау (1465-1560) - ақын, жырау, батыр. Шалкиіз - туындылары орыс тіліне аударылған ақын-жыраулардың бірі. Оның шығармашылығын сол дәуірдегі орыс оқымыстылары мен зерттеушілері жоғары бағалаған. Ғасыр биге айтқандары әртүрлі жинақтар мен басылымдарда бірнеше мәрте басылды. Жыраудың қазақ көне әдебиетіндегі орны ерекше. Шалкиіз жырау ғүмырының көп бөлігін Ноғай ордасының билеушісі Ғасыр бидің-- қол астында өткізеді. Турашылдығымен, әділдігімен, даналығымен ел алдында беделді болады. Өмірінің соңғы жылдарын Хақназар хан тұсындағы Қазақ мемлекетінде өткізеді.",Темір бидің-,Ғасыр бидің
exttruth_kzh1043kzh#31729_2_1_1,Қазақстанда тың жерді игеру қай жылы басталды?,"Тың игеру, тың және тыңайған жерлерді игеру — КСРО-да (Қазақстан, Сібір, Орал, т.б.) 1954 – 1960 ж. жүргізілген науқан. КСРО бойынша жалпы 41,8 млн га жер жыртылса, соның 25,5 млн га-сы қазақ жері болды. Тың игеру нәтижесінде Қазақстан КСРО-дағы ең ірі астықты республикаларының біріне айналды. 
Тың игеру. Кеңес үкіметі тұсында ең көп тәжірибе жасалған сала – ауыл шаруашылығы. Жасалған реформалар аграрлық саланы дамытудың орнына, көбінесе үлкен қиындықтарға алып келді. Ауыл шаруашылығымен қазақ халқы тығыз байланысты екені белгілі. Сондықтан қазақ халқының басым бөлігі ауылдарда тұрғандықтан реформалардың зардабы бірінші кезекте қазақтарға тиді.
Ауыл шаруашылығындағы тәжірибелер 1950 жылдары өз жалғасын тапты. 1953 жылы қыркүйекте КОКП ОК пленумы ауыл шаруашылығында қалыптасқан жағдайды талқылады. Пленумда мемлекет басшысы Н.С.Хрущев баяндама жасады. Баяндамада аграрлық саланың артта қалу себептері талданды. Күштеп ұжымдастырудың зардаптары, миллиондаған шаруалардың ашаршылық пен саяси қуғын–сүргіннің құрбаны болғандығы атап көрсетілді. Сонымен бірге, өнеркәсіпті ауыл шаруашылығы есебінен дамыту ауыл тұрғындарының тұрмыс жағдайының төмендеуіне әкелді. Қыркүйек пленумы ауыл шаруалығының артта қалуын жою жөніндегі нақты шараларды белгілді.",1955,1954
exttruth_geo0048geo#30089_3_1_3,Энергияны көп қажет ететін түсті металл қай қалаларда қорытылады?,"Алматыда металл кесу станогін, созу станын, электр аппаратурасын, гидротехникалық жабдықтар, Қарағандыда тау-кен шахтасы жарағын, кокс-химия техникасын, Шымкентте пресс-автоматтар, карданвал, Семейде-- түсті металлургия жабдығын, конденсатор, Павлодарда трактор, Астанада ауыл шаруашылығы техникасын, Қостанайда дизель моторын, Ақтөбеде рентген аппаратурасын, Атырауда мұнай өндірісіне қажетті машина мен жабдықтар, Талдықорғанда (Алматы облысында) аккумулятор, Кентауда экскаватор шығаратын өндіріс орындары жұмыс істейді.",Өскеменде-,Семейде
exttruth_geo0419geo#7705_5_1,Қазақстанның солтүстіктен оңтүстікке қарай қанша км-ге созылған?,"Физикалық-географиялық жағдайы тұрғысынан, Қазақстан Тынық мұхит пен Атлант мұхитынан, сондай-ақ Үнді мұхиты мен Солтүстік Мұзды мұхитынан бірдей дерлік қашықтықта орналасқан. Оның мұхиттардан шалғай жатуы әрі аумағының үлкендігі климатының өзіндік ерекшелігін қалыптастырады. Қазақстан батысында – Еділдің төменгі ағысынан, шығысында – Алтай тауларының етегіне дейін 3000 км-ге, солтүстіктегі – Батыс Сібір жазығынан, оңтүстіктегі Қызылқұм шөлі мен Тянь-Шань тау жүйесіне дейін 1700 км-ге созылып жатыр.",1601 км-ге,1700 км-ге
exttruth_lit0862lit#22293_4_1,М. Әуезовтің «Абай жолы» романының оқиғасы қанша уақытты қамтыған?,"«Абай жолының» бас кейіпкері - Абай Құнанбаев. Біз ақынның өмірінің елу жылына айғақ боламыз. Абайдың адам, азамат, ақын ретінде қалыптасуы сол бір ғасыр— ішіндегі қазақ қоғамының барлық саласындағы өмірдің барлық ойы-қыры, қия-қалтарысымен өріле суреттеледі. Абай арқылы өткен ғасырдың екінші жартысындағы және осы ғасырдың басындағы бүкіл халық тіршілігін, оның көп бұралаң тағдырын, ой-арманын, мақсат-мүддесін, күрес-тартысын... бәр-бәрін түгел шарлап өтеміз. «Халық» дегенде, бұл ұғымның негізінде ұлттың әдет-ғұрпы ғана емес, ұлттық рухы жататыны сөзсіз. Демек, «Абай жолында» кешегі қазақтардың тұрмысы, әдет-ғұрпы ғана емес, күллі рухы сайрап білініп тұр.",жарты ғасыр-,Бір ғасыр
exttruth_746889228256894363#509343_2_1,Солтүстік және Оңтүстік Корея арасындағы соғыс қашан басталды?,төменгі жақтан қараңызКорей соғысы (한국 전쟁) — 1950 жылдың 26 маусымынан 1953 жылдың 27 шілдесіне дейін (дегенмен соғыстың ресми түрде тоқтағаны туралы жарияланған жоқ) созылған Солтүстік Корея мен Оңтүстік Корея арасындағы қақтығыс. Негізінен бұл соғысты қырғи қабақ соғыс кезеңіндегі АҚШ-пен ҚХР және КСРО одақтас елдері арасындағы жанама соғыс деп те атайды.,1951 жылдың 25 маусымынан,1950 жылдың 26 маусымынан
exttruth_2200508628699047547#29010_1_1,Біздің Күн жүйесіндегі планеталардың жалпы саны?,"Күн жүйесі – Күннен, оны айнала қозғалатын 8 үлкен планетадан (Болпан, Шолпан, Жер, Қызылжұлдыз, Есекқырған, Қоңырқай, Уран және Нептун ), планета серіктерінен, мыңдаған кіші планеталардан (астероидтардан), шамамен 1011 кометадан және толып жатқан метеорлық денелерден құралған ғарыштық денелер жүйесі. Күннен ең алыс орналасқан планетаға дейінгі орташа қашықтық шамамен 40 а.б. немесе 6 млрд. км-ге тең.",9,8
exttruth_950830270134803303#40609_1_1,Өлім алқабы атауы қайдан шыққан?,"Ажал аңғары Өлім аңғары — АҚШ-тың оңтүстік-батысында, Мохаве шөліндегі (Калифорния штаты) сусыз аңғар. Ол Үлкен Алаптың оңтүстігіндегі Аларгос пен Панаминт жоталары аралығында орналасқан. Ұзындығы солтүстік-батыстан оңтүстік-шығысқа қарай 250 км-ге созылып жатыр және ол Солтүстік Америкадағы теңіз деңгейінен ең төмен орналасқан жер — 85 м. Мұнда Батыс Жарты шардағы ең жоғарғы температура байқалған (56,7ӘС). Ажал аңғарының атауы осы жерде 1849 жылы екі топ алтын ізденушілердің су таппай ажалға ұшырауынан шыққан--. Аңғарда ауданы 840 мың га болатын, негізі 1933 жылы құрылған ұлттық табиғи саябақ бар.“Қазақ Ұлттық Энциклопедиясы”, 1-томСанат:АҚШ географиясы",бір топ алтын ізденушілердің су таппай ажалға ұшырауынан шыққан-,Екі топ алтын ізденушілердің су таппай ажалға ұшырауынан шыққан
exttruth_bio0548bio#548820_10_1,Астық тұқымдас өсімдіктерде қандай  тамыр болады?,"Астық тұқымдас өсімдіктердің тамыр жүйесі жиналыңқы келеді, олар ташақ-- тамыр деп аталады. Шашақ тамырда негізгі тамыр байқалмайды. Сабақтан тармақталған қосалқы тамырдың қалың шоғы өседі. Пияз, сарымсақ, бидай, жүгері, арпа, сұлы, тарыда шашақ- , тамыр жүйесі болады. ",шашақ-,Тамақ
exttruth_lit1218lit#69873_1_1_1,«Абай жолы» роман - эпопеясының басты кейіпкері кім?,"Абай және Әуезов, Абай тәлімі, Мұхтар Әуезовтің Абайды танып-білуге қосқан үлесі. Мұның өзі екі үлкен сала. Бірі Мұхтар Әуезовтің абайтануға, яғни Абайдың өмірі мен шығармашылығын, оларға қатысты мәселелерді баяндайтын ғылыми еңбектерін, зерттеулері мен мақалаларын талдап бағалау. Екіншісі Мұхтар Әуезовтің көркем шығармаларында Абай бейнесін суреттеуі, оның заманын, өмір жолын, ақындық, ағартушылық, қоғамдық қызметін сипаттап көрсетуі, яғни Мұхтар Әуезовтың Мұхтарға-- арналған пьесасы, опералық либреттосы, киносцена­рийі, әсіресе төрт томдық «Абай жолы» эпопеясы төңірегінде айтылған, қорытылған ой-пікірлер. Тағы бір өте маңызды қыры бар. Ол Абай шығармашылығының, әдеби мұрасының Әуезовке әсері ықпалы туралы, әсіресе «Абай жолы» роман-эпопеясында Мұхтар Әуезовтың Абай шығармаларын деректік тірек етуіне қатысты айтылатын жайлар. Мәселеге бұдан да кеңірек келсеқ Абай мен Әуезовті қазақ әдебиетіндегі екі дәуірдің, екі ғасырдың (яғни 19 ғасыр мен 20 ғасырдың) аса ірі өкілдері ретінде алып, ұлттық сөз өнеріміздегі дәстүр жапғастығы тұрғысынан қарап, олардың үндестігі мен өзгешелігі қандай екенін байыптаудың өзі осы екі сөз шеберінің өнерпаздық тұлғасын айкынырақ түсінуімізге себін тигізеді. Абай мен Мұхтар Әуезовтің екі заманның перзенті екені рас.",Абайға-,Мұхтарға
exttruth_kzh2087kzh#131021_28_1,Кенесары және оның Қоқанға қарсы күресін қолдаған Ұлы жүз батырлары,"Патша үкіметі Кенесары ханды Орынбор өлкесінен қалай да ығыстырып шығаруға ұмтылды. Соның салдарынан Кенесары Сарыарқаны тастап, көтеріліс орталығын Жетісу жеріне қарай ауыстыруға мәжбүр болды. Сібірдегі өкімет билігі Омбыдан генерал Винневский басқарған елеулі әскер күшін зеңбіректерімен қоса Жетісуға жедел түрде жіберді. Азық-түліктің тапшылығы Кенесарыны егіншілікпен айналысуға мәжбүр етті. Күші басым патша үкіметінің қысым жасауымен Кенесары Іле өзенінід оң жақ бетіне өтіп, одан әрі Алатаудың етегіне көшіп барды. Ал патша үкіметі оған Кіші жүз бен Орта жүз қазақтары тарапынан көмекке келетін жолды кесіп тастады. Ұлы жүздің ""Наурызбай--"", ""Байсейіт"", ""Тайшыбек"" сияқты батырлары Кенесарыға қолдау көрсетіп, көтерілісшілердің сиреп қалған қатарын толықтырып, едәуip күшейтті.",Сұраншы-,Наурызбай
exttruth_8044764154957580383#252615_1_1,Бір командада қанша кабадди ойыншысы бар?,"Кабади, Азия елдерінде көп тараған күрес пен регбидің элементтері бар спорт түрлерінің бірі. Оның күрестен айырмашылығы командалық ойын, регбиден айырмашылығы ойын кезінде доп пайдаланбайды. Әр команда алты спортшыдан-- тұрады. Алаң екіге бөлініп бір жағы шабуыл жасаушылар, екінші жағы қорғанушылар болып белінеді. Әр командадан бір спортшы рейдер топ жетекшісі белініп шығады. Ойын басталған кезде рейдер алға ұмтылып қорғаныстағы команданың неғұрлым көп ойыншыларына қолын тигізуге ал қорғанушылар рейдерді ұстап алуға тырысады. Егер ұстауға мүмкіншілік бермесе рейдер өз командасына қосылады. Келесі шабуылдау кезегі екінші командаға келеді. Ойын әр тайм 20 минуттан екі таймға созылады. Регбидің қолы тиген спортшы ойыннан шығарылады. Кабадидің екінші түрі уакытты есептемей қашан спортшылардың барлығы алаңнан шығып біткенше ойынды жалғастыра береді. Аламар атты түрінде спортшылар алаңнан шығарылмайды тек ұпай есе береді. Кабади Үндістан мен Пәкістан жерінде шамамен 4000 жылдай бұрын белгілі болыпты. Бұл қызықты спорт түрі 2002 ж. Оңтүстік Кореяның Бусан қаласында өткен XIV Азия ойындарының бағдарламасына енді.",жеті спортшыдан-,Алты спортшыдан
exttruth_8212664666711100698#61971_1_1,Инкрустация және үстеме құйма қалпына келтіру үшін қолайлы металл болып табылады?,"Вкладка. Әр алуан себептермен бұзылған тістердітіс сауытының анатомиялық пішінін қалпына келтіру үшін тістердіпломба орнына қолданылатын тістердімикропротез. Оны металдан, аллюминийден-- істеуге болады. Вкладканы дайындау үшін тістің ішіне қабырғалары бірімен-бірі толық бұрышпен түйісетін қуыс жасайды. Дайындалған вкладканы цементпен бекітеді.","металдан, пластмассадан-","металдан, аллюминийден"
exttruth_lit2120lit#489406_6_1_1,С. Мұратбековтің «Жусан иісі» шығармасындағы жетім баланың аты кім?,"* Саян-- -қоңырқай жүзі тершіп, маңдайындағы біркелкі етіп қиылған кекіл шашы бар. Ешкіммен төбелесіп, сөзге келмейді. Әңгімеде өжет, қайсар, зерек, өте ақ көңіл, мейірімді, ақылды және де жетім бала болып суреттеледі. Тобығын шығарып алып, сол аяғын сүйретіп жүретін,шілбиген ақсақ қара бала. Өз ойынан балаларды таңғалдыратын ертегілер шығарады. Өте мейірімді бала. Сонымен қатар өте тапқыр, ақылды, білімді, зерек және ақ көңіл бала.
* Садық - Аян-ның досы. Ауылда ""бірінші атаман"" атанған.
* Есікбай -сидаң бойлы, қол-аяғы қара қайыстай қатқан ұзын, жүгіргенде алдына жан салмайтын, өзі төбелесқор, сотқар бала. Кейде қараптан-қарап келе жатып әркімге бір ұрынатын жаман әдеті бар. Әлі жеткенді аяқтан шалып қап, болмаса басынан тоқай алып жылатып жіберетін. Аян- алғаш рет келген кезде, Аян-мен төбелесіп, одан жеңіліп қалған еді. 
* Қосым - Аян-ның досы. Өзінің ""Тырнауық Қосым"" деген атымен белгілі. Тырнауық дейтін себебі төбелескенде үнемі баж етіп бетті тырнайтын. Одан ауылдын көп баласы қорқатын еді. Оған тек Есікбай тік келе алатын.
* Бапай - әжесінің тумаласы. Аян-ның әжесі қайтыс болғанда, Аян-ды асырап алған. Әйелі екеуі Аян-ға дұрыс күтім бермеген.",Аян-,Саян
exttruth_-2095174824563783921#70026_1_1_1,Барлық тіршілік иелері жасушалардан тұратынын кім ашты?,"Жасуша теориясы (""клеточная теория""); (teoria cellulae ""cellula"" — жасуша және теория) — жасушалар туралы биологиялық жалпы қорытынды, ғылыми тұжырым. Жасуша теориясының негізін қалаған неміс ғалымы Т. Шпинц - -(1838-1839ж.). Жануарлар жасушасын зерттеген Т. Шпинцмен қатар, Жасуша теориясын жасауға өсімдіктер жасушаларын зерттеген М. Шлейден де атсалысты. Өздеріне дейінгі ғалымдар еңбектері бойынша жинақталған деректер мен өздерінің ғылыми мәліметтеріне сүйене отырып, Т. Шпинц- мен М. Шлейден жануарлар мен өсімдіктер ағзадағы органикалық табиғатының біртекті екендігін көрсете білді. Жасуша теориясы 19 ғасырда ашылған ұлы жаңалықтардың бірі болып саналады.Оның негізгі қағидалары: #жасуша — тірі ағзаның тым ұсақ құрылымдық бірлігі; #жануарлар мен өсімдік ағзаларындағы әртұрлі ұлпалар жасушалары құрылысы жағынан бір-біріне ұқсас. Жасуша ядродан, цитоплазмадан, негізгі органеллалардан құралған; #жасуша тек бөліну арқылы көбейеді; #жасушалар біртұтас ағзаның бір бөлігі. Организм ұлпаларында жасушалардан басқа жасуша туындылары — бейжасушалық құрылымдар (симпласт, синцитий) және оның өнімдері — жасушааралық зат болады.",Т. Шванн -,Т. Шпинц
exttruth_lit2170lit#525133_11_1_1,Т. Рысқұлов жайындағы романның авторы кім болған?,"IV)«Қызыл жебе» роман-эпопеясының төртінші кітабы «Қыл көпір» деп аталады. Шығарма ауқымына Т.Рысқұлов өмірінің ең шешуші тұстары – мемлекеттік қайраткерлік өрлеу кезеңі алынған. Ұлттардың өзін-өзі басқару, революция жеңістерін орнықтыру, социалистік жолдарын нығайту мен өркендету, ұлттық республикалардың экономикасын арттыру жоспары, қазақ халқының жұт пен аштыққа ұрынған кездегі зобалаңы мен өлшеусіз трагедиясы тәрізді мәселерді шешу барысындағы Т. Рысқұловтың азаматтық-қайраткерлік орасан тұлғасы оның ширыққан-шиеленіскен тағдырының драмалық кезеңдері арқылы кеңінен әрі мейілінше нақты іс-әрекеттер үстінде көрсетіледі. Осы арада атап айту керек, суреткер Шерхан Оразаев-- Т. Рысқұловтың халық перзенті ретіндегі қаһарман ерлігінің бүкіл әлеуметтік-тарихи мазмұнын, қыл-көпір температурасын сол шынайы қалпында яғни не асқындырмай, не әлсіретпей мейілінше байыппен бейнелеген. Мысалы, Сталиннің орынбасары болып жүргенінде Тұрар Рысқұловтың Якут, Дағыстан, Абхаз, Аджар автономиялық республикаларының, сондай-ақ Бурят, Комби, Чечен – Ингуш автономиялық облыстарының құрылуына көп күш-жігер жұмсағаны белгілі. Жазушы осының бәрін тізіп, тәптіштеп жатпайды. Тек Сталин мен Рысқұловтың жүздесуі барысында еске түскен бір деталь арқылы ғана береді.",Шерхан Мұртаза-,Шерхан Оразаев
exttruth_2148588319910009233#70431_1_1,Қырғи қабақ соғыс кезіндегі Варшава келісімі елдері?,"Варшава келісімі ұйымы (орыс: ""Организация Варшавского договора"") — 1955 жылы достық, әріптестік және өзара кәмек жөнінде Армения--, Болгария, Мажарстан, ГДР, Польша, Румыния, Чехословакия және КСРО арасында Варшава келісімі негізінде құрылған әскери-саяси одақ.",Албания-,Армения
exttruth_9001116926799286771#53458_1_1,Сенегал өзені Африкада қай жерде орналасқан?,"Сенегал өзені(Senegal) — Оңтүстік Африкадағы Гвинея, Мали, Сенегал, Мавритания жерімен ағып өтетін өзен--. Фута-Джаллон тау массивінен Бафинг өзені болып басталып, Бакой саласы қосылған жерден Сенегал өзені деп аталады. Ұзындығы 1430 километр (Бафингті қосқанда), су жиналатын алабының аумағы 441 км². Жоғары ағысы су құламаларын жасай шоңғалды аймақпен, төменгі ағысы жазықпен ағып өтеді. Атлант мұхитына атырау жасап құяды; сағасы — жағалық құмбел. Орташа су ағымы 1500 м3/с. Су тасу маусымында (маусым — қазан) Каес қаласына дейін (888 км), деңгейі төмен кезінде Подор қаласына дейін (283 километр) кеме жүзеді. Суын ауыл шаруашылығында кеңінен пайдаланады. Өзен бойында СЭС-тер салынған. Балық ауланады. Жағалауындағы ірі қалалар: Каес (Мали), Подор, Матам, Бакель (Сенегал); сағасында Сен-Луи (Сенегал) теңіз порты бар.right|200px|thumb|Жер серігінен көрініс","Батыс Африкадағы Гвинея, Мали, Сенегал, Мавритания жерімен ағып өтетін өзен-","Оңтүстік Африкадағы Гвинея, Мали, Сенегал, Мавритания жерімен ағып өтетін өзен"
exttruth_-652117253746563674#633906_1_1,Мұздатылған ханшайымның аты кім?,"Мұзды өлке (Frozen)- 2013 жылғы американдық компьютерлік анимациялық фильм, Walt Disney Animation Studios жасаған және Уолт Дисней Суреттер шығарған елу үшінші толық метражды анимациялық фильм. Мультфильм Ханс Кристиан Андерсеннің «Қар патшайымы» ертегісімен рухтандырылған. Тарихта батыл ханшайым Анна-- мен қарапайым жігіт Кристофф, бұғы Свен және аққала Олафпен бірге қарлы тау шыңдары арқылы қауіпті сапарға аттанады, Елена-ның үлкен әпкесі Эльзаны іздеуге тырысады, олар байқаусызда өз патшалығына зиян келтіріп, сол арқылы оның тұрғындарын мәңгі қыстауға шығарады.",Анна-,Елена
exttruth_3188501116230316561#419630_1_1,Веб-Сервердің рөлі қандай?,"Веб сервер (Web server) — веб контентке (мәліметтер қоры, құжаттар т.б) интернет арқылы қол жеткізуге мүмкіндік беретін компьютер немесе бағдарламалық жасақтама. Веб серверлер веб сайттардың хостингінде, мәліметтерді сақтау-- және т.б. мақсаттарда кеңінен қолданылады.","веб сайттардың хостингінде, мәліметтерді сақтау-","веб сайттардың хостингінде, мәліметтерді сақтау"
exttruth_geo0859geo#26792_4_1,Ірі масштабты анықтаңдар:,"*Картаны аумақты қамтуына қарай:
** дүниежүзілік,
** құрлықтық,
** жеке елдер карталары, т.б.
* Мазмұнына қарай:
** жалпы географиялық 
** тақырыптық
** техникалық
** құжат, т.б.
* масштабына қарай:
** ірі масштабты — 1:300 000 және одан ірі,
** орта масштабты — 2:200 000-нан 1:1 000 000-ға дейін
** кіші масштабты — 1:1 000 000-нан кіші, т.б. белгілеріне қарай бөледі.",2:200 000,1:300 000
exttruth_-3219791816492220147#674475_3_1,Америка Құрама Штаттарының негізін қалаушы әкелердің есімдері?,"Тарихшы Ричард Б. Моррис 1973 жылы келесі жеті ең маңызды негізін қалаушылар ретінде анықтады:Альберт Эйнштейн, Исаак Ньютон, Галилео Галилей, Чарльз Дарвин, Нильс Бор, Мария Кюри и Стивен Хокинг--. Солардың үшеуі (Гамильтон, Мэдисон және Джей) «Федералист жазулары» (The Federalist Papers) авторлары болады — АҚШ Конституциясын мақұлдау мақсатымен жасалған 85 мақала.","Джон Адамс, Бенджамин Франклин, Александр Гамильтон, Джон Джей, Томас Джефферсон, Джеймс Мэдисон және Джордж Вашингтон-","Альберт Эйнштейн, Исаак Ньютон, Галилео Галилей, Чарльз Дарвин, Нильс Бор, Мария Кюри и Стивен Хокинг"
exttruth_lit2204lit#15743_18_1,Түйенің төлін кім?,"*Түйенің ұрғашылары 3-4 жаста, буралары 5-6 жаста жыныстық жағынан толық жетіледі. Сыңар өркешті түйенің буаздық мерзімі - 1З, айыр өркешті түйенің буаздық мерзімі 14 айға созылады. Түйе екі жылда бір рет боталайды. Баласы-- нәзік, ерекше күтімді қажет етеді, күніне 6-7 рет емеді. Бала анасын 18 айдай еміп жетіледі. Түйе 30-35 жыл жасайды.",Ботасы-,Баласы
exttruth_kzh2111kzh#27849_2_1_3,Қазақстанда тұңғыш жоғары оқу орны-педагогикалық институт ашылды:,"Сондай-ақ осы жылдың күзінде Семейде халық ағарту институты құрылса, 1921 ж. Орынборда Қазақ халық ағарту ин-ты (кейін Қызылордаға көшірілді) және Верныйда (Алматы) Қазақ ағарту институты ашылды. 1926 ж. 2 шілдеде Ташкенттегі халық ағарту институты Қазақ пед. институты болып қайта құрылды. Бұл ин-ттың тұңғыш директоры Т.К.Жүргенов болды. Институттың физика-математика, жаратылыстану, әлеумет-экономикасы және лингвистика бөлімдері болды. Қазақстандағы тұңғыш жоғары оқу орны – 1928 ж. Алматыда ашылған Қазақ педагогикалық институты. Бірінші жылы онда 124 студент, 9 мұғалім болды. Алғашқы оқытушылар қатарында А.Байтұрсынов, М.О.Әуезов, С.Сейфуллин, Қ.Қ.Жұбанов, т.б. дәріс оқыды. Бұдан кейін Алматы малдәрігерлік ин-ты (1929), Қазақ ауыл шаруашыфлық институты (1930), Қазақ медициналық институты (1931), Орал пед. институты (1931) ашылды. 1932 ж. Қазақстанның 6 Жоғары оқу орындарында 2 мың студент оқыды, оның 40,5%-ы қазақ жастары болды. 1934 ж. Қазақ мемл. университеті мен Кен-металлургия институты ашылды.",1929,1928
exttruth_kzh2125kzh#100402_12_1,ХІХ ғасырдың ІІ жартысында қоныс аударушылардың басты бөлігі қоныстанған өлке,"Шаруаларды ішкі Ресейден Қазақстанға қоныс аудару жөнінде алғаш рет бастама көтерушілердің бірі Жетісудың әскери губернаторы Г.А. Колпаковский еді. 1868 жылы оның тікелей басшылығымен « Таразға-- шаруалардың қоныс аударуы туралы уақытша Ережелер» жасалды. Онда қоныс аударушы шаруаларға бірқатар жеңілдіктер мен артықшылықтар беру көзделді. Шаруалардың әрбір ер азаматына 30 десятинадан жер телімі бөлінді. Олар барлық алым-салық түрлерін төлеу мен міндетті борыштарды атқарудан он бес жыл бойы босатылатын болды. Қоныс аударушы шаруаларға пайыздық өсімсіз қарыз берілді. 80-жылдардың ортасына қарай Жетісуда жер тапшылығы сезіле бастады. Сондықтан жер телімдерінің мөлшерін 10 десятинаға кемітуге, әр түрлі жеңілдіктер беру мерзімін 5 жылға дейін қысқартуға тура келді.",Жетісуга-,Таразға
exttruth_1777805649048362917#84824_1_1,Микроорганизмдерді қыздыру арқылы жоюға болатынын анықтаған химик кім болды?,"Пастеризация - әр түрлі зиянды микроорганизмдерден залалсыздандыру мақсатында сұйықтарды (сүт, шарап, сыра, т.б.) белгілі бір мерзім (15—30 мин) бойына 60—70°С температурада қыздыру. Бұл әдіс жоғары температураға дейін қыздыруға келмейтін тағамдарды ұзақ мерзімге сақтау үшін пайдаланылады. Тәсілді алғаш ұсынушы француз микробиологы Л.Паскаль--. Көптеген тамақ өнімдерін (температурасын 100°С асырса қасиеті өзгеретін) консервілеуде осы тәсіл қолданылады.",Л.Пастер-,Л.Паскаль
exttruth_3850977722258470#90518_3_1,Галофилдерге жоғары концентрациялы орта қажет пе?,Тұз сүйгіш микроағзалары суаттарда және топырақты  - -жер қыртысында мекендейді. Цитоплазмалық мембрананың толық құрыдымы және ферментті жүйенің біріккен функциясын қолдау үшін жоғары концентратты NaCl керек. Na+ иондары жасуша қабырғасының сіреспе қасиетін анықтайды.,тұзды суаттарда және тұзды топырақты -,суаттарда және топырақты 
exttruth_woh0012woh#80756_10_1,ХІІІ ғасырда қай ағылшын ғалымы бақылау мен тәжірибемен білім алуға болады деп дәлелдеген?,"«Ара жолы» - танымның ең дұрыс жолы. Осы жолды ұстаған зертеуші философ «өрмекші жолы» мен «құмырсқа жолдарының» жақсы жақтарын алып, олардың кемшіліктерінен арылады. «Ара жолын» ұстана отырып фактілерді жинап, жалпылап (мәселеге «сыртынан» қарап), ақыл мүмкіндігін қолданып мәселенің «ішіне» үңіліп, мәнін түсіну қажет. Пэкон-- пікірінше танымның ең дұрыс жолы – индукцияға негізделетін (фактілерді жинау және жалпылау, тәжірибе жинау) заттар мен құбылыстардың ішкі мәнін ақылмен түсінудің рационалистік тәсілдерін пайдаланатын эмпиризм.",Бэкон-,Пэкон
exttruth_kzh1136kzh#99556_5_1_3,"Күйші, сазгер Дәулеткерей Шығайұлының қай жылдары өмір сүрген?","(1822—1888)). Ол Бөкей хандығының аумағындағы Қарамола деген жерде Кіші жүздің ханы Шығайдың отбасында дүниеге келіп, ер жетті. Ол өз заманының білімді азаматтарының бірі болды. Билеуші-сұлтан деген лауазымды әкімшілік қызмет атқарды. Бірақ мұның өзі сазгерлік шығармашылықпен айналысуына кедергі бола алған жоқ. Дәулеткерей төрелік биліктен гөрі өз ортасында күйшілік өнердің алтын Дәулеткерей діңгегі болған. Халық арасында оның «Жігер», Шығайұлы. «Бұлбұл», «Қоңыр», «Тартыс», «Желдірме» сияқты күйлері кеңінен тараған. Күйші-сазгердің біз- дің заманымызға дейін 40-қа жуық күйі жетті. Қазақтың XIX ғасырдағы аспаптық музыкасына қомақты үлес қосқан сазгер-күйші Тәттімбет Қазанғапұлы(1817—1860) Қарқаралы өлкесінде дүниеге келген. Карқаралы сыртқы округы Нұрбике-Шаншар болысында болыстық қызмет та атқарды. Ресей императоры II Александрды ұлықтау рәсіміне қатысқан. Тәттімбет Қазақстанды зерттеуші ғалымдар Ш. Уәлиханов, Г. Потанин, А. Янушкевичтермен таныс болған.",1821—1887,1822—1888
exttruth_lit2144lit#5117_2_2_1,Сиыр атасы кім деп атайды?,"Айша бибінің кім екені жөнінде атадан балаға қалған аңыз болмаса, тарихи деректер жоқ. Ал, аңыз оны төрт түліктің бірі сиыр малының атасы деп есептейтін Шеру бабаның-- қызы еді дейді. 
&lt;br&gt;Сол аңыздың айтуынша, Айша бибі Түркістанда жас батыр Қараханмен кездесіп, бірін бірі ұнатқан екі жас бас қосып, өмірлік серік болуға уағдаласады. Жаугершілік заман болса керек, тұс тұстан анталаған жаумен арпалысып, елін, жерін қорғаумен жүргенде Қараханның уәделі мерзімде Айша бибіге баруға мүмкіндігі болмайды. Арада біраз уақыт өтіп кетеді. Ақыры шыдамы таусылған Айша бибі Қараханның мекені Тараз қаласына өзі іздеп бармақ болып, қасына күтушісі Баба әже қатынды ертіп, жолға шығады. Бірнеше күн жол жүріп, Таразға жетеді. 
&lt;br&gt;Қаланың төбесі көрінгеннен кейін өзеннің жағасына тоқтап, сол арада суға түсіп, шаң тозаңнан арылып, біраз дем алуға тоқтайды. Күтушісі ас жабдығына кіріседі.",Зеңгі бабаның-,Шеру бабаның
exttruth_kzh2230kzh#3705_19_1,Топтау сан есімін көрсетіңіз.,"Топтық сан есімдер есептік, жинақтық, болжамдық сан есімдерге, қазіргі кезде шығыс септікке тән грамматикалық мағынадан біржола қол үзген -дан (-ден, -тан, -тен) аффиксін қосу арқылы жасалады да, біркелкі заттар мен құбылыстардың сан мөлшердің топтап көрсетеді. Мысалы: ""Бір түн отырып ел адамдарын бестен—, бестен жиып алып, барлығына бір түрлі іс тапсырған"" (Мұхтар Омарханұлы Әуезов)",төрттен-,Бестен
exttruth_bio0249bio#83240_4_1,Қандай өсімдік жидек жемісті болып табылады?,"Ашық ызбарда (грунт) өсіру үшін 40-60
күндік көшеті пайдаланылады. Көшетті ерте көктемде егіп даярласа, жаз басында түсім алуға әбден болады. Жазда және күзде пайдаланылатын кететін көктемнің соңынан жаз ортасына дейін гүлзарға
отырғызу қажет. Ал түсімді күзде-қыста пайдалану қажет болса, әр түрлі орындарда одан әрі өсіреді.
Шоқпарбасы қаңтар-ақпанда пайдаланылатын жағдайда одан әрі
өсірілетін орынның температура 1-5 С болуы тиіс. Шоқпарбас біркелкі
пісіп жетілмейді. Сондықтан оның пісіп жетілуін қадағалан, дер кезінде
таңдап жинаған жөн. Өйтпеген жағдайда шоқпарбастар болбырау пайда-
лану сапасынан айырылады. 

Жеміс-жидек дақылдары - шырынды және құрғақ жеміс-жидекті өсімдіктер. Жеміс-жидекті дақылдардың жемісі 6 топқа бөлінеді. Олар:
""шекілдеуікті"" (алма, долана), ""сүйекті"" (шие, алхоры), ""жидекті"" (қара жидек--, жүзім) жемістер. Сондай-ақ ""жаңғақты"" (талшын, жаңғақ), ""цитрусты"" (мандарин, апельсин) және ""субтропиктік"" (құрма, інжір) жемістер. Қазақстанның оңтүстігі және оңтүстік-шығысында алма, алмұрт, алхоры өсіріледі. Ал солтүстік, орталық, шығыс аймақтарында тошала, қарақат-, долана, шәңгіш, шетен өседі.",қарақат-,қара жидек
exttruth_geo1119geo#101481_3_1,Халқының саны басқа елден көшіп келушілердің есебінен өзгеруін не дейміз?,"Елдің, аймақтың, елді мекеннің халкының саны екі түрлі себептерге (факторға) байланысты. Бірінші фактор - туу мен өлудін, нәтижесінде ұрпақ, ауысуы немесе халықтың табиғи өсімі, ал екіншісі - адамдардың бір жерден екінші жерге қоныс аударуы (келу мен кету), оны халықтың Дененің қозғалысы— (көші-қон) деп атайды. Туу мен көшіп келу тұрғындар санын көбейтсе, өлу мен көшіп кету, керісінше азайтады.",механикалық қозғалысы-,Дененің қозғалысы
exttruth_-2515621924302465450#639133_3_1,Ирланд тілінде Ана тілі ретінде қайда сөйлейді?,"Ирландия үкіметінің ресми мәліметтеріне сәйкес (2004) Испания Республикасында-- ирланд тілінде сөйлейтін 1 570 894 адам бар. Оның ішінде 339 541 ирланд тілін күнделікті қарым-қатынаста қолданады; 155 039 аптасына бір рет оған жүгінеді; 585 300 - аз қолданады; 459 657 - ешқашан дерлік, ал 31 357 тілді қолдану жиілігі туралы сұраққа жауап берген жоқ. Алайда көптеген ирланд тілінің белсенділері мен кәсіби тіл мамандары бұл деректерге күмән келтіреді. Көптеген адамдар күнделікті қарым-қатынаста тілді қолданатындардың саны 65 000-ға жетеді деп санайды. Ирланд тілінде сөйлейтіндердің саны, бір дәрежеде, Солтүстік Ирландияда 167 487 және АҚШ-та 25 870 құрайды.",Ирландия Республикасында-,Испания Республикасында
exttruth_7818239341170845049#240267_1_1,Алаңда afl командасында қанша ойыншы бар?,"Австралия футболы, салмағы 662-677 гр. тартатын сопақша доппен, көлемі 118x155 см. сопақша келген алаңда әр команданың құрамында 20 адамы бар Австралияда кең тараған командалық спорт ойыны. Ойынның мақсаты - допты ойын алаңына енгізу немесе биіктігі 6 м. келетін төбесі ашық екі бағананың арасынан қақпадан өткізу. Допты қолмен лақтыруға немесе әрбір 10 метрден соң (он қолынан) жерге ұрып әрмен қарай кез келген бағытта алып кетуге болады. Бірінші ойын 1858 ж. Мельбурнда өтті, ресми ережесі 1866 ж. бекітілді. 1956 жылы XVI Олимпиялық ойындарының бағдарламасына көрсетілімі енді.Санат:Аустралия футболы",19 адамы бар,20 адамы бар
exttruth_-792636234234563020#90035_1_1,Этнометодология алғаш рет қашан қолданылды?,"Этнометодология - әлеуметтік антропология және этнография әдістерін қолданатын әлеуметтанудағы бағыт. 1962 жылдардың ортасыңдағы ортодокстық консенсус дейтіннің бүзылуы тұсында пайда болғанәлеуметтанушынық көзқарас. Терминді теория ретінде де Этнометодологияныңнегізін калаған американ әлеуметтанушысы Гарольд Гарфинкельұсынған. Осынау терминнің шығу тегін түсіңціре келіп, ол ""эгао""дегеніңіз, тегіне, прақтикалык білімі бар әлеуметтік өмірге қатысушының сол практикалық білімді ""жалпы бірдеңеге"" катыстықарастыруына байланысты болар деген топшылау жасайды. Егерол ""этноботаника"" болса, онда Бұл калай болғаңда да әлеуметтікөмір индивидтерінің ботаника проблемаларын қарастыруәдістеріне сай келетін білімдері мен түсініктеріне катысты болареді.",1961 жылдардың,1962 жылдардың
exttruth_2621559241615421197#69126_2_1,Жер суының қай бөлігі тұщы екендігі туралы?,"Жер бетіндегі судың көлемі 1400 млн текше шақырым. Оның  2,7 пайызы, яғни 35 миллион текше шақырымы ғана ішуге жарамды тұщы су. Егер де адам саны (қазірдің өзінде 7 миллиард) жылдан-жылға өсе берсе, алдағы 30-40 жылда бір жұтым су табудың өзі жер шарының кейбір аймақтарында қиямет-қайымға айналмақ. БҰҰ зерттеуінде алысқа бармай-ақ 2030 жылдары 5 миллиард халық тұщы судың зардабын тарта бастамақ. Бұл - әлемдегі халықтың 67 пайызы ауызсуға қаталайды деген сөз. Дамушы елдердегі аурулардың 80 пайызы сапасыз суды пайдаланғаннан болуда. Содан жыл сайын 3 миллион адам шейіт болады екен. Шөлді, шөлейтті, жартылай шөлейтті болып келетін Қазақстанда суға қаталап жатқан ел. Бүгінгі күні Қазақстанда жер үстіндегі сулардың көлемі 42 млрд т. м. құрайды. Ал жерасты суларының қоры 19 млрд т. м. 2012 жылы қаңтар соңында Ресей ғалымдары Антарктида мұзын 30 жыл бұрғылап, 4000 метр тереңдіктен әлемдегі аса ірі тұщы көлді тапты. Ол көл жалғыз емес екен. Мәңгілік мұзды аймақта ірілі-уақты 80 көл бар болып шықты. Егер де ол суларға қолжетімді болса, жер бетіндегі халықты 150 жыл ауызсумен қамтамасыз етуге болады екен. Бірақ тұщы су мұз астында, тым тереңде жатыр","3,5 пайызы","2,7 пайызы"
exttruth_-3440679199470434030#513901_2_1,Планетарлық тұмандықтың ортасында не бар?,"Әрбір ғаламшарлық тұмандықтың ортасында ядросында термоядролық реакциялар тоқтаған- бар. Жайылу алдында сутегінің жанып бітуі кезінде қызыл алып газ сыртқа лақтырылады, олар жұлдызаралық кеңістікте 20-50 км/с жылдамдықпен үлкейетін қабықша құрайды. Жұлдыздың ыстық ішкі бөлігі сығылады және ғаламшарлық тұмандықтың ядросына айналады. Ядро біртіндеп суи отырып, кәдімгі ақ ергежейліге айналады, ал ғаламшарлық тұмандық кеңейеді және уақыт өткен сайын жұлдызаралық ортада тарайды.","әлсіз, өте ыстық жұлдыз – ядро-",ядросында термоядролық реакциялар тоқтаған
exttruth_kzh2217kzh#103043_2_1,1930-32 жж. еліміздегі жаппай етек алған жағдай:,"1930-1933 жылдардағы болған Қазақстандағы Жұт-- (кейде жай Жұт) — Қазақ АКСР жеріндегі ашаршылық-. Ол кезде Қазақстанда шамамен 1.5 миллион адам қайтыс болып, олардың 1.3 миллионы қазақтар болған. Ашаршылық кесірінен қазақтар саны 38-42%-ға кеміген, 1930 жылдардағы Кеңес одақта болған ашаршылық-тардың ең үлкен пайызы. Басқа деректер бойынша ашаршылық-та 2-2.3 миллион адам қайтыс болған.",ашаршылық-,Жұт
exttruth_kzh0173kzh#9953_3_1_1,Орынбор генерал-губернаторлығының құрамына қандай облыстар кірді?,"Орынбор генерал-губернаторлығы, Қазақстанның батыс, солтүстік-батыс және оңтүстік-батыс иеліктерін отарлау мақсатында 1850 жылы құрылып, 1881 жылға дейін сақталды. 1868 жылы Орынбор генерал-губернаторлығы құрамында орталығы Орынбор қаласы болған Семей-- облысы құрылды. 1876 – 81 жылдары Қазақстанның солтүстік-шығысы мен оңтүстігінде Дала және Түркістан генерал-губернаторлықтарының құрылуына байланысты Орынбор генерал-губернаторлығыны жойылып, Орынбор губерниясы қалпына келтірілді. Дегенмен Торғай- облысы Орынбор губерниясы құрамында қалдырылды.",Торғай-,Семей
exttruth_-8880977482574356882#44593_1_1,АҚШ атом бомбасын кімге тастады?,"Нагасаки-- мен Нагасакиге атом бомбаларын тастау — Екінші дүниежүзілік соғыс барысында АҚШ-тың Жапонияға қарсы атом қаруын қолдануы. 1945 жылы 26 шілдеде Ұлыбритания, АҚШ және Қытай үкіметі басшыларының атынан Жапонияға тізе бүгу талабы қойылған Подстам декларациясы жарияланды. Осыдан кейін АҚШ авиациясы 1945 жылы 6 тамызда Жапонияның Хиросима- қаласына бірінші атом бомбасын тастады. Қаланың елеулі бөлігі қирап, 140 мыңнан аса бейбіт тұрғын қаза тапты, жарымжан болды. 1945 жылы 9 тамызда Нагасаки қаласына екінші атом бомбасы тасталды. Оның жарылысынан қаланың бөлігі қирап, 75 мыңдай адам қаза тапты, жараланды. Хиросима- мен Нагасакиге атом бомбаларын тастау соғыс талаптарынан, мұқтаждығынан туған әрекет емес еді. Бұны адамзатқа қарсы жасалған ауыр қылмыстардың қатарына жатқызуға болады және басқа халықтар мен мемлекеттерді қорқыту мақсатын көздеген әрекет саналады.",Хиросима-,Нагасаки
exttruth_lit0637lit#5073_13_1,Орынборда 1915 ж. М. Дулатовтың қандай жинағы басылған?,"Міржақып Дулатұлы — әдебиеттің әр түрлі жанрына қалам тартқан қаламгер. Алғашқы кітабы — ""Оян, қазақ!"" деген атпен Петербург қаласындағы жарық көрген өлең жинағы. Одан кейін 1913 жылы Орьнборда ""Азамат"", ал 1915 жылы ""Керме--"" атты өлеңдер кітаптары басылып шығады. Ақын өлеңдерінің басты такырыбы—ел тағдыры болды. Алғашқы кітабы ""Оян, қазақ!"" жұртшылық арасында ауыздан-ауызға, қолдан-қолға тез тарап кетеді. Қайта басылады. Кітаптың нeriзгi мазмұны халықты оятуға, әділетсіздікпен күресуге шақырған өлеңдер құрады. Сол себепті де кітап тұтқындалып, авторы қуғынға ұшырайды."," ""Терме-"," ""Керме"
exttruth_lit0057lit#69848_2_1_2,Лирикалық жанрдың қандай ерекшеліктері бар?,"Жапырақтар да қалтырап, жұлдыздардың да сәулесі дірілдеп көрінуі жас ғашықтардың дегбір таба алмай тұрған қалпын үндестіре алу талабынан туған. Абай бір топ лирика өлеңдерінде ақын Жазушы өмір сүрген ортаны, нақты табиғат құбылыстарын адамның күнделікті тұрмысымен байланыстыра суреттейді және сол арқылы өзінің көңіл күйін де айқын аңғартады-. Тегінде қай жанрлық түрге жатқызуға лайық шығарма болса, лирика өлеңдердің көбінде қоғамдық, әлеуметтік мәселелер жайлы ой-түйіндер мен ақынның өз көңілін толқытқан сезім-әсерлері астасып жатады. Өйткені лирика туындыларды саяси-әлеуметтік, философия лирика, көңіл-күй лирикасы, махаббат немесе табиғат лирикасы деген сияқты жанрлық түрлерге бөлудің өзінде көп жағдайда белгілі мөлшерде шарттылық бар. Мұндай жіктеп-ажыратулар алдымен лирика шығармалардың тақырыбы, құрылыс-қалпы, бейнелеу тәсілдері біркелкі емес, әр алуан келетініне көңіл аудару үшін қажет. Сонымен бірге лирика шығармасының езі бірнеше қырынан алып қарауға лайық келіп, қат-қабат жанрлық сипат-белгілері болуы мүмкін. Осыны Абайдың әр қилы жанрлық түрлерге жатқызылып жүрген лирика шығармаларынан байқауға болады. Ақынның адам бейнесін, әртүрлі сипат-келбетін ашып көрсету тәсілдері де алуан түрлі.","өмір сүрген ортаны, нақтылы табиғат құбылыстарын адамның күнделікті тұрмысымен сабақтастыра бейнелей отырып, ез көңіл күйінен де айқын елес береді-","Жазушы өмір сүрген ортаны, нақты табиғат құбылыстарын адамның күнделікті тұрмысымен байланыстыра суреттейді және сол арқылы өзінің көңіл күйін де айқын аңғартады"
exttruth_kzh0504kzh#5093_1_1,Ш. Уәлихановтың туған жері қайда?,"Шоқан Шыңғысұлы Уәлиханов (шын есімі Мұхаммед Қанафия; 1835, Қ Ақмола облысы, Бурабай ауданы, Щучинск өңірі-- — 10 сәуір 1865, Көшентоған, Жетісу) — қазақтың ұлы ғалымы, XIX ғасырдың екінші жартысында Қазақстанда туған демократтық, ағартушылық мәдениеттің тұңғыш өкілдерінің бірі, шығыстанушы, тарихшы, фольклоршы, этнограф, географ, ағартушы. Әжесі бала күнінде «Шоқаным» деп еркелетіп айтуымен «Шоқан» аталып кеткен.","Қостанай облысы, Сарыкөл ауданы, Құсмұрын жері-","Ақмола облысы, Бурабай ауданы, Щучинск өңірі"
exttruth_bio0988bio#64566_1_1,Эволюциядағы ең негізгі қозғаушы қандай күштер?,"Сұрыптау ""(selection; sorting)""

* түрлі баламалар, түрлер, мүмкіндіктер, заттар арасынан ең маңыздыларын таңдап қалдыру; бұл тұрғыда таңдау жасаудың арнайы және талғампаз түрі.
* Қозғаушы сұрыпталу--, яғни табиғаттағы барша тіршілік түрлерінің (адам да бар) ұзақ замандық (шамамен 4 млрд жылдық, адамда шамамен 6 млн жылдық) тарихи эволюция барысында ортаға үйлескендерінің өмір сүріп, үйлесе алмағандарының құрып кетуі.
* шақырулардың сұрыптаулық тізбесіне қосылған терминалды немесе оның құрауышын адрестеу; белгілі бір ережеге сәйкес жиын элементтерін топ бойынша үлестіру. Сұрыптаудың бір түрі мәліметгерді сұрыптау нышанының мәндерінің өсуі немесе кемуі бойынша ретке келтіру.
Сұрыптау терминінің біріне-бірі жақын екі мағынасы бар:
#Адамға сапасы және қасиеттері үшін пайдалы жануарлар қолтұқымының, өсімдіктер іріктемесінің, ұсақ ағзалар себінділерінің жаңа туындыларын шығару үдерістері сұрыптау деп түсіндіріледі. Осы тұрғыдан алғанда сұрыптау бұрынғы тарихка дейінгі дәуірде басталған үдеріс болып есептеледі. Алғашқы адамдар ең алғаш жабайы жануарларды қолға үйретіп, тұңғыш рет өсімдіктерді еге бастаған сәттен бастап сұрыптау жүзеге аса бастады.",табиғи сұрыпталу-,Қозғаушы сұрыпталу
exttruth_-5350406519547304883#60831_1_1,Терідегі абсцесс қалай көрінеді?,"Абсцесс (abscess), терінің терең қабатында немесе ішкі органдарда жұқпалы бактериялар тудырған қандағы лейкоцит ұлпаларының бұзылуы салдарынан пайда болатын қойыртпақ — Ағзалар мен тканьдерде қабыну салдарынан іріңнің шоғырланып жиналуы.Қою сары ірің сау ұлпаларды қоршап тұратын жасуша сыртындағы сұйықтықтан бөлініп тұрады. Іріңді ісікті кесу немесе жару іріңнің ағып кетіп, ісіктің қайтып, ауырсынуды басады. Ісікті тіліп, қуысты құрғатып емдеу және антибиотиктер тағайындау жараның тез бітуіне жағдай жасайды. Егер қан құрамына өтіп кетсе, басқа ұлпаларда іріңді ісіктің пайда болуына әкелуі мүмкін.Негізгі абсцестер: жұтқыншақ артындағы абсцесс; қатты таңдай абсцесі; мұрын үсті абсцесі; көз асты абсцесі; тіл жақ науашық абсцесі; тіл абсцесі; салқын абсцесс.Абсцессотомия — абсцессті ашатын хирургиялық операция.",ірің.-,қойыртпақ
exttruth_-9059782417278834738#200959_1_1,Малайзиядағы егіз мұнаралар қайда орналасқан?,"Петро́нас (Menara Petronas) — 88-қабаттық мұнара ғимарат. Биіктігі — 451,9 метр. Малайзия астанасы Сеул орналасқан--. Жобалауында сол кездегі Малайзия премьер-министрі Махатхир Мохамад қатысып ғимаратты «исламдық» стилде салдырған. Сондықтан ғимаратты үстінен қарағанда екі сегіз төбелі жұлдыздан тұрады, ал сәулетші жартылай домалақ дөңесті ғимарат беріктігі үшін енгізген. Құрылысқа 6 жыл берілген (1992—1998 жж.). Екі мұнараның әр қайсысын бәсекелестікпен еңбек өнімділігін арттыру мақсатында екі бөлек компаниялар салған. Геологиялық зерттеулер бойынша анықталғандай құрылыс нысаны жартысы тасты жыныста орналасса, екінші жартысы — жұмсақ әктаста орналасқан. Егер осы жерде екі мұнаралы ғимаратты салса, олардың бірі міндетті түрде отырары хақ еді. Нәтижесінде кешенді толықтай жұмсақ грунтта 60 метр ығыстырып, 100 метрлік свайлар енгізіп салу шешілді. Бүгін бұл әлемдегі ең үлкен бетонды ғимарат іргесі болып келеді.",Куала-Лумпурде орналасқан-,Сеул орналасқан
exttruth_lit0573lit#29373_3_1,Қамбар батыр жырындағы ару қыз кім?,"«Қамбар батыр» жырының басты тақырыбы – жер мен ел намысын қорғау. Оқиға Әзімбайдың байлығы мен сұлу қызы – Асельді-- суреттеуден, 18 жасқа толған Назымның жар іздеген назынан басталады. Назымның ағалары – Қораз, Дораз, Қарымсақ, Қабыршақ – дара мінез иелері. Бұл кезде Қамбар да ер жетіп, елін асырап отырған батыр тұлғасында көрінеді. Эпостағы этникалық мәліметтер оның оқиға суреттелетін кезеңнен кейіндеу туғанын аңғартады. Жырда қазақ халқының тарихи жауы – қалмақ, кейінгі этникалық бірлестік – ноғайлы атауларымен бірге қазақ этнонимі де жиі кездеседі. Қамбардың шыққан тегіне қатысты — уақ, ""«Ноғайлының Қамбары»,"" Назымның әкесі Әзімбайға келгенде – «12 баулы өзбек» тіркестері қолданылған. Жыр сюжетінің алғаш аңыз түрінде туып, бері келе эпостық үлгіге ауысқаны аңғарылады. Ондағы көптеген ономастикалық атауларға қарап, Әуелбек Қоңыратбаев «Қамбар батыр» сюжетінің кейбір нұсқалары Сыр бойында туған деген тұжырым айтады. Кезінде М.Әуезов, С.Мұқанов, Н.Смирнова, Ә.Қоңыратбаев, М.Ғабдуллин, т.б. ғалымдар зерттеп, пікір айтқан.",Назымды-,Асельді
exttruth_bio0776bio#15125_4_1,Австралопитектердің қаңқа қалдықтары табылған аймақ -,"Қазақстанда Австралопитектердің қонысмекендері, құралдары, сүйек қалдықтары Ақтау--, Жетісу, Сарыарқа, Балқаш, Маңғыстау, Мұғалжар өңірлерінен табылды.",Қаратау-,Ақтау
exttruth_-3860790783038415611#59176_1_1_1,Қырым соғысының негізгі себебі?,"Қырым соғысы Шығыс соғысы (1853 — 1856), Ресей империя мен Ұлыбритания, Франция, Түркия, Сардиния одақтары арасында өткен. 19 ғ-дың орта кезінде Ұлыбритания мен Франция Ресейді Таяу Шығыс нарығынан ығыстырып, Түркияны өз ықпалына бағындырды. Олар Ресейді Қара теңіз жағалауынан шеттетіп, Ресей мен Кавказды иеленуді-- мақсат етті. Түркия еліндегі кейбір топтар Батыс Еуропа дипломатиясының қолдауына сүйеніп, Қырым мен Кавказды Ресейден тартып алуды көздеді. Солай Таяу Шығысқа ықпалын жүргізуге жанталасқан патшалық Ресей мен оның қарсыластары арасындағы қайшылық шиеленісе түсті. Ресей бүкіл Түркияны, оның астанасы Стамбұлды, Қара теңізі жағалауларын, Босфор мен Дарданелл бұғаздарын, Мәрмәр теңізін өзіне толық қаратуды көздеп, батыстық әріптестерімен қатынасын шиеленістіріп алды. Ресей православие шіркеуі Палестинадағы “қасиетті орындар” үшін 1852 ж. католик шіркеуімен дау-дамайға барды. Ресейдің “Еуропа жандармы” болуы және Таяу Шығыстағы, Орталық Азиядағы озбырлық саясаты батыс елдерін шошындырып, оларды тойтарыс беруге итермеледі. Ал Ресей патшасы Николай І мен Сыртқы істер министріліг Еуропа мемлекеттерінің жоспары туралы қате пікірде болды.",Қырым мен Кавказды иеленуді-,Ресей мен Кавказды иеленуді
exttruth_-2200840557626162020#568545_1_1,Копенгагендегі ryanair қай әуежайға ұшады?,"Амегер - -(дат.&lt;span&gt; &lt;/span&gt;Kastrup) — Копенгагеннің әуежайы, Даниядағы ең ірі əуежай. 1925 жылы салынған. Торнбюда (Tårnby) орналасқан — Копенгагеннің орталығынан оңтүстік-шығысқа қарай 8 шақырым жерде орналасқан Амагер (Amager) аралының муниципалитеті.",Каструп -,Амегер 
exttruth_-2641707891246811410#557567_1_1,АҚШ ұлттық әнұраны қалай аталады?,"""America the Beautiful"" (Әдемі Америка)-- — Америка Құрама Штаттарының мемлекеттік әнұраны. Ән төрт тармақтан тұрады, бірақ бүгінде оның біріншісі ғана кеңінен танымал.",The Star-Spangled Banner (Жұлдыздармен жарқыраған туымыз)-,"""America the Beautiful"" (Әдемі Америка)"
exttruth_4591041629504611205#18603_1_1,Канар аралдары әлем картасында қайда орналасқан?,"Канар аралдары (Islas Canarias) — Атлант мұхитындағы аралдар тобы. Испанияның 17 автономдық облыстарының бірі. Австрияның-- солтүстік-батыс жағалауынан 100 – 120 км жерде. Канар аралдарын мәңгі жасыл орман мен бұталар көмкерген. Эндемик өсімдіктер көп. Олардың қатарына дракон (айдаһар) ағашы, Канар құрма пальмасы мен қарағайы жатады. Жергілікті тұрғындар банан, картоп, цитрустар, жүзім, темекі, астық және бұршақ тұқымдастарын өсіреді, сиыр, ешкі, қой ұстайды. Аралда ұлттық саябақтар орналасқан. Аралдарда теңіздік климаттық курорт дамыған. Ірі қалалары: Лас-Пальмас және Санта-Крус-де-Тенерифе. Олар Еуропалық экономикалық қоғамдастыққа елдің бір бөлігі ретінде біріктірілген. Дегенмен, бұл мүшеліктің аралдардың ара-қашықтығына, экономикалық және тарихи-дәстүрлік ерекшеліктеріне байланысты өзіндік өзгешеліктері де бар.",Африканың-,Австрияның
exttruth_lit1072lit#5084_5_1_2,"Ы. Алтынсарин ұйымдастырған тұңғыш мектеп қай жылы, қай қалада ашылған?","Өз бетімен көп ізденіп, білім қорын молайта келе, Ыбырай өзінің алдына тілмаш болуды емес, туған халқына пайдалырақ басқа бір қызмет істеуді мақсат етіп қояды. Оның ынтасы ағартушылыққа ауады. 1860 жылы Жайықтың шығысындағы қазақтар үшін төрт бастауыш мектеп ашылған кезде, Ыбырай өзі сұранып, Торғай-- мектебіне мұғалім болуға рұқсат алып, сонда келеді. Бірақ мектеп бірден ашыла қоймайды. Бұл аралықта, Ыбырай ел ішінде мектептің пайдасын түсіндіріп, біраз баланы өз үйінде оқытады.
Торғай- мектебі 1864 жылы ғана ашылады. ""Осы жылы қаңтардың 8-і күні көптен күткен ісім орнына келіп, мектеп ашылды. Оған 14 қазақ баласы кірді. Бәрі де жақсы, есті балалар. Мен балаларды оқытуға қойға шапқан аш қасқырдай қызу кірістім"", – деп жазады, ол белгілі шығыстанушы, профессор Н.И.Ильминскийге жолдаған хатында. Ыбырай мектептегі сабақ пен тәрбие жұмысын сол кездегі орыс мектептері үлгісінде құрады. Сабақты қазақ тілінде жүргізе отырып, ол балаларға орыс тілін үйретуге, пән негіздерінен білім беруге тырысады. Тәрбие жұмысын адамгершілігі мол, жаңа ұрпақ тәрбиелеп шығаруға бейімдейді.",Торғай-,Қостанай
exttruth_woh0294woh#14045_48_1,Екінші дүниежүзілік соғыс кезінде Англияның премьер-министрі болған кім?,"1940 жылы 7 мамырда Қауымдар палатасында Норвегия шайқасында жеңіліске байланысты тыңдау өтті, келесі күні үкіметке сенім білдіру мәселесі бойынша дауыс беру өтті. Ресми сенім дауысын алғанына қарамастан, Чемберлен кабинет саясатының өткір сынына және дауыс берудегі шағын (81 дауыс) көпшілікке байланысты отставкаға кетуге шешім қабылдады. Черчилль мен лорд Галифакс ең қолайлы үміткерлер деп саналды. 9 мамырда Чемберлен, Черчилль, лорд Галифакс және парламенттік үкімет ұйымдастырушысы Дэвид Марджессон қатысқан жиналыста Галифакс отставкаға кетті және 1940 жылы 10 мамырда Джордж VI ресми түрде Франклин Делано Рузвельт - - премьер-министр етіп тағайындады. Черчилль бұл лауазымды сайлауда жеңіске жеткен партияның көшбасшысы ретінде емес, төтенше жағдайлардың үйлесуі нәтижесінде алды.",Черчилльді-,Франклин Делано Рузвельт
exttruth_kzh0214kzh#2397_3_1,Қазақтың пулеметші батыр қызы кім?,"* Ұлы Отан соғысы басталған кезде Алия-- Алматы медициналық институтында оқып жүрді.
* 1942 ж. тамызда ол өз еркімен Қызыл Армия қатарына алынып, 21-нші атқыштар дивизиясының құрамында ұрысқа қатысты.
* Аға сержант, пулеметші Мәншүк- ұрыстарда өзінің мергендігімен және тобында батылдығымен көзге түсті. Невель қаласы үшін болған кескілескен шешуші ұрыста Мәншүк- ақтық демі біткенше пулеметтен оқ боратып, қаһармандықпен қаза тапты.",Мәншүк-,Алия
exttruth_-2854006475159596620#489778_2_2,Эверестке алғаш рет кім көтерілді?,"Тенцинг Норгей-- ( ағылшынша.Sir Edmund Percival Hillary, 20 шiлде 1919 - 11 қаңтар 2008) - ЖаңаЗеландиялық зерттеушi , альпинист және (29 май 1953) Эверестiң бiрiншi бағындырушысы .Непалдың құрметтi азаматы.",Персиваль Эдмунд Хиллари-,Тенцинг Норгей
exttruth_-9116445769360241314#202008_1_1,2018 жылы футболдан әлем чемпионаты қайда өтеді?,"Футболдан 2018 жылғы әлем біріншілігі (Чемпионат мира по футболу 2018, 2018 FIFA World Cup) — ФИФА-ның 21-ші футболдан әлем чемпионаты, финалдық кезеңі 2018 жылы 14 маусым және 15 шілде аралығында Польшада-- өтті. Финалы Мәскеудегі Лужники стадионында өткізілді. Франция 4:2 есебімен Хорватияны ұтып, екінші рет әлем чемпионы атанды. Чемпионат Польшада 11 қаладағы 12 стадионда ойналды. Осы чемпионатта бірінші рет арбитрге видеокөмек жүйесі қолданылды.",Ресейде-,Польшада
exttruth_-8694694217050947337#20507_4_1,Esc компьютерде қалай қолданылады?,"&lt;Esc&gt; пернесі (болдырмау) – Іс-әрекетті тоқтату, команданы орындамау-- үшін қолданылады.","әрекетті немесе амалды болдырмау, сұхбат терезесін немесе мәтінміндік терезені жабу-","Іс-әрекетті тоқтату, команданы орындамау"
exttruth_-7907981524065822546#578150_2_1,Сұлулық пен құбыжық қашан шығады?,Ару мен Құбыжық - режиссер Билл Кондонның америкалық көркемдік музыкалық фильмі және Walt Disney Animation Studios кинокомпанияның толық метражды анимациялық фильмнің ремейкі. Жанна-Мари Лепренс де Бомонның аттас ертегісіне негізделген. Премьерасы 17 наурызда 2015 жылда болған.,2018 жылда,2015 жылда
exttruth_1491641555135878960#96945_3_1,Facebook барлық адамдарға қосылуға қашан рұқсат бере бастады?,"Сайттың алғашқы аты TheFacebook деп аталды және ол тек Гарвард университетiнiң студенттерiне ғана қол жетімді болды, кейінірек Бостонның басқа университеттерінің студенттеріне де жол ашылды, ал содан соң .edu доменіндегі электрондық мекенжайы бар АҚШ-тың кез келген оқу орнындағы студенттер де тіркеле алатын болды. 2006 жылдың қазан айынан бастап 13 жастан асқан электрондық поштасы бар ғаламтор пайдаланушыларына қол жетімді болды. 2013 жылдың наурыз айындағы мәлімет бойынша Facebook-ты пайдаланушылар саны 1,11 миллиардты құрайды, олардың көбісі мобильді құрылғыдардың көмегімен кіреді. Facebook-тың 2009 жылғы қаржы айналымы 700 млн АҚШ доллларын құрады.",2007 жылдың қыркүйек,2006 жылдың қазан
exttruth_kzh1394kzh#99556_4_1_3,"ХІХ ғ. екінші жартысында әрі сазгер, әрі ақын болған кім еді?","Қазақ халқының атақты ақыны, композитор-әнші Біржан сал Қожағұлұлы-- (1843-1913)қазіргі Солтүстік Қазақстан облысының аумағында дүниеге келді. Сауатын ауыл молдасынан ашып, кейін Қызылжар қаласындағы медреседе оқыған. Ол бала кезінен өлең шығарып, музыкамен әуестене бастайды. Қасына ерген талантты жастармен ауыл-ауылды аралап ән салып, домбыра тартады. Халық оны құрмет тұтып, «Ақан сері» атады. Ол музыкалық-поэтикалық мол мұра қалдырды. Оның бізге 40-тан астам әні жетті. Ақан серінің «Алтыбасар», «Сырымбет», «Мақпал», «Ақтоқты» әндері жан тебірентерлік әсерлі, сазды келеді. Оның «Еркем», «Аужар», «Айгөлек», «Ғашық жарға» атты тамаша әндері сүйіспеншілік тақырыбына арналған. Ақан серінің шығармашылығына қатты әсер еткен жағдай сүйікті тұлпары Құлагердің қаскөй зұлымдардың қолынан өлтірілуі еді. Ақан серінің әндерінде қоғамдық өмірдің әлеуметтік мәселелері, ел билеген әкімдердің озбырлық әрекеттері шебер бейнеленеді.&lt;br&gt;",Ақан сері Қорамсаұлы-,Біржан сал Қожағұлұлы
